order_id,order_day,delivery_day,product,supplier,order_qty
1,0,7,A형,S1,1087
2,0,11,C형,S1,1309
3,1,14,C형,S2,654
4,1,15,D형,S1,1463
5,2,17,D형,S1,1712
6,2,14,A형,S1,255
7,2,14,D형,S3,281
8,2,16,B형,S1,402
9,3,19,C형,S3,696
10,3,16,D형,S1,652
11,3,16,B형,S1,1570
12,3,17,B형,S2,599
13,3,19,A형,S3,1779
14,4,19,B형,S1,1523
15,4,22,A형,S3,1882
16,5,17,B형,S2,1986
17,5,16,B형,S3,188
18,5,23,D형,S3,1382
19,5,21,B형,S1,1740
20,6,21,C형,S3,114
21,6,14,A형,S1,370
22,6,15,A형,S1,630
23,8,18,D형,S1,452
24,8,20,A형,S1,1615
25,8,16,D형,S1,309
26,8,23,B형,S2,1852
27,8,19,B형,S1,747
28,9,27,B형,S1,1210
29,9,20,B형,S2,846
30,9,22,B형,S1,730
31,9,24,B형,S2,1736
32,9,23,C형,S1,742
33,9,18,A형,S2,1957
34,10,27,A형,S2,1285
35,10,24,B형,S2,751
36,10,30,A형,S3,1735
37,10,23,B형,S3,591
38,10,23,B형,S2,714
39,11,26,C형,S1,1783
40,11,24,A형,S1,421
41,11,30,B형,S2,1772
42,11,22,C형,S2,55
43,11,20,A형,S2,67
44,12,30,C형,S3,318
45,12,25,C형,S2,1249
46,12,32,A형,S3,1709
47,13,27,B형,S2,1699
48,13,25,C형,S2,1267
49,13,32,B형,S3,1299
50,14,27,C형,S2,1981
51,14,27,D형,S2,1900
52,14,32,C형,S3,185
53,15,29,B형,S1,1143
54,15,27,C형,S2,763
55,16,28,B형,S1,312
56,17,30,A형,S1,1601
57,18,33,A형,S3,1107
58,18,39,B형,S3,1339
59,18,31,D형,S3,1056
60,18,25,B형,S2,180
61,18,37,A형,S3,1740
62,19,33,D형,S3,832
63,19,31,B형,S2,478
64,19,31,A형,S1,1293
65,19,29,B형,S1,642
66,20,35,A형,S2,1391
67,20,31,A형,S2,1046
68,21,29,C형,S2,930
69,21,30,C형,S2,244
70,21,28,D형,S2,416
71,22,31,A형,S2,1735
72,22,34,D형,S2,1933
73,22,32,C형,S2,1127
74,23,30,A형,S1,959
75,23,34,B형,S2,400
76,23,36,B형,S2,1448
77,23,35,A형,S2,1313
78,24,33,A형,S1,1092
79,24,32,C형,S1,573
80,24,37,A형,S2,207
81,24,39,B형,S1,1940
82,24,38,B형,S2,511
83,24,38,D형,S1,1323
84,24,38,B형,S2,172
85,25,37,B형,S1,1381
86,25,40,D형,S3,422
87,25,41,B형,S1,1413
88,25,38,C형,S1,440
89,25,39,A형,S2,1016
90,26,33,C형,S2,858
91,26,33,C형,S1,1049
92,27,41,C형,S1,677
93,27,38,B형,S2,708
94,28,39,A형,S1,756
95,28,39,B형,S1,1292
96,28,44,D형,S2,1642
97,28,37,A형,S1,763
98,28,40,A형,S1,91
99,29,39,A형,S3,429
100,29,37,D형,S1,251
101,30,51,A형,S3,1275
102,30,49,A형,S3,1625
103,30,37,A형,S1,463
104,31,39,D형,S3,1091
105,31,40,B형,S1,981
106,31,45,C형,S2,905
107,32,45,C형,S1,1776
108,32,42,B형,S1,571
109,32,51,C형,S3,1266
110,33,41,B형,S1,1107
111,33,47,B형,S3,1757
112,33,47,A형,S1,482
113,33,46,A형,S2,1870
114,33,47,B형,S1,1723
115,34,43,A형,S2,924
116,34,51,A형,S3,1656
117,35,48,D형,S2,1312
118,35,48,B형,S1,677
119,36,45,A형,S1,1713
120,36,48,B형,S1,97
121,36,47,B형,S2,322
122,36,48,A형,S1,1780
123,36,51,A형,S3,1596
124,37,47,B형,S3,632
125,37,51,A형,S3,1972
126,37,50,D형,S1,1330
127,38,50,C형,S1,523
128,38,54,B형,S3,1723
129,38,54,D형,S2,1983
130,38,51,A형,S1,1606
131,38,51,A형,S1,1268
132,38,51,D형,S1,1731
133,39,55,B형,S2,1621
134,39,53,A형,S2,1003
135,39,57,B형,S1,1528
136,40,59,C형,S3,1692
137,40,54,B형,S2,114
138,40,53,A형,S2,949
139,40,57,A형,S1,1875
140,40,48,B형,S1,564
141,41,57,A형,S1,1248
142,41,57,A형,S3,987
143,41,49,B형,S1,1193
144,41,49,B형,S1,704
145,41,57,A형,S1,1292
146,41,63,D형,S3,1545
147,42,55,B형,S2,1489
148,42,59,D형,S1,1671
149,43,56,B형,S1,542
150,43,57,B형,S1,325
151,43,56,B형,S1,1106
152,43,61,C형,S3,370
153,43,58,A형,S3,1274
154,43,54,A형,S1,798
155,44,60,D형,S2,1451
156,44,53,A형,S1,953
157,44,57,B형,S1,1146
158,45,65,C형,S1,1914
159,45,64,A형,S1,1275
160,45,57,B형,S2,1886
161,45,58,D형,S1,523
162,45,60,A형,S2,1935
163,45,62,A형,S3,468
164,45,62,D형,S2,1473
165,46,59,A형,S1,139
166,46,60,A형,S1,1370
167,46,60,D형,S2,1767
168,47,57,A형,S2,577
169,47,58,D형,S2,356
170,48,56,C형,S1,776
171,48,57,C형,S1,180
172,48,61,A형,S3,55
173,48,60,A형,S2,883
174,48,68,C형,S1,1674
175,49,62,C형,S2,836
176,49,63,A형,S1,588
177,49,63,A형,S2,488
178,50,64,A형,S2,204
179,50,63,A형,S2,818
180,50,62,B형,S1,665
181,50,64,B형,S3,925
182,50,63,B형,S3,680
183,50,72,A형,S3,1201
184,51,65,A형,S2,1461
185,51,60,A형,S1,73
186,51,68,A형,S3,61
187,51,63,A형,S2,589
188,51,59,D형,S2,498
189,52,61,B형,S2,222
190,52,62,A형,S1,1798
191,53,71,C형,S3,222
192,53,66,D형,S2,1717
193,53,60,C형,S1,178
194,53,66,B형,S1,1276
195,53,63,B형,S1,794
196,54,61,B형,S1,1139
197,54,67,A형,S3,1067
198,54,66,C형,S1,484
199,54,67,C형,S1,248
200,55,69,B형,S3,1756
201,55,72,D형,S1,1471
202,55,69,C형,S1,1533
203,55,72,C형,S2,1254
204,56,67,A형,S1,1050
205,56,68,A형,S2,1709
206,56,70,A형,S3,363
207,56,74,D형,S2,1232
208,56,68,C형,S1,470
209,56,71,D형,S1,1320
210,57,70,C형,S2,789
211,58,74,C형,S3,882
212,59,69,B형,S2,695
213,59,75,C형,S2,1212
214,59,70,A형,S2,169
215,59,76,C형,S1,1554
216,60,69,A형,S2,842
217,61,74,D형,S1,1962
218,61,72,D형,S1,924
219,61,77,A형,S3,289
220,61,68,C형,S1,609
221,61,69,C형,S2,946
222,61,75,A형,S2,799
223,62,73,B형,S1,566
224,62,80,B형,S3,698
225,63,79,B형,S1,1478
226,63,73,D형,S3,784
227,63,71,C형,S1,353
228,63,73,A형,S2,1257
229,63,83,B형,S3,1491
230,63,77,B형,S3,1019
231,63,77,A형,S1,1462
232,64,75,A형,S1,435
233,64,76,B형,S2,332
234,64,79,A형,S2,1600
235,64,76,A형,S1,1588
236,65,74,C형,S1,1050
237,65,76,D형,S3,996
238,65,76,B형,S2,943
239,65,77,B형,S1,479
240,66,81,C형,S2,1441
241,66,75,C형,S1,794
242,66,83,C형,S3,1516
243,66,74,A형,S1,911
244,66,79,D형,S1,1705
245,67,77,A형,S1,1701
246,67,81,A형,S1,1631
247,67,80,B형,S3,574
248,67,80,B형,S1,1354
249,67,81,C형,S1,1519
250,68,88,A형,S3,1456
251,68,79,D형,S1,1764
252,68,78,B형,S2,356
253,68,85,C형,S3,1330
254,69,84,B형,S3,1413
255,69,83,A형,S1,746
256,70,82,A형,S1,546
257,70,82,B형,S1,1152
258,70,84,B형,S2,552
259,70,80,B형,S1,1196
260,70,78,A형,S1,284
261,70,82,A형,S1,820
262,70,80,B형,S1,823
263,71,88,A형,S2,1480
264,71,85,D형,S1,88
265,72,82,A형,S1,758
266,73,91,D형,S1,1331
267,73,85,D형,S1,1018
268,73,85,B형,S1,1508
269,73,89,C형,S1,1744
270,73,87,B형,S2,1562
271,73,86,B형,S1,701
272,73,86,C형,S2,301
273,73,87,C형,S1,220
274,74,84,A형,S1,1300
275,74,86,D형,S1,295
276,74,86,A형,S3,1684
277,74,87,A형,S1,1178
278,74,85,B형,S1,120
279,75,92,A형,S3,1593
280,75,86,B형,S1,427
281,75,92,B형,S1,1985
282,75,86,B형,S1,572
283,76,93,D형,S3,1122
284,76,89,D형,S1,950
285,76,92,A형,S3,736
286,77,91,A형,S1,385
287,77,84,C형,S2,169
288,77,87,A형,S2,1100
289,77,89,B형,S2,1967
290,78,87,C형,S2,720
291,78,89,A형,S1,635
292,78,97,C형,S1,1327
293,78,95,C형,S3,1998
294,79,87,B형,S1,1086
295,79,92,A형,S2,1938
296,79,97,B형,S2,1388
297,79,90,A형,S3,1604
298,79,91,C형,S1,530
299,79,87,B형,S1,1125
300,79,100,A형,S3,1428
301,80,94,C형,S2,756
302,80,98,B형,S2,1482
303,80,92,A형,S2,804
304,81,91,B형,S2,1457
305,81,96,B형,S3,935
306,81,93,D형,S2,183
307,81,88,A형,S1,239
308,82,99,B형,S3,1894
309,82,96,D형,S1,1291
310,82,91,B형,S3,1174
311,82,102,C형,S1,1552
312,82,89,A형,S2,581
313,83,95,B형,S2,762
314,83,92,A형,S1,896
315,83,101,D형,S2,1332
316,83,91,B형,S2,1059
317,83,92,A형,S1,580
318,83,92,A형,S3,1059
319,83,92,B형,S2,779
320,84,97,A형,S1,533
321,84,98,B형,S3,424
322,84,98,C형,S1,566
323,84,92,A형,S1,1100
324,84,102,A형,S3,758
325,85,98,B형,S1,874
326,85,102,A형,S3,1572
327,85,101,C형,S1,1404
328,86,99,A형,S3,903
329,86,99,C형,S1,1171
330,86,93,A형,S2,125
331,86,100,C형,S2,847
332,86,93,C형,S1,931
333,86,93,A형,S2,629
334,88,101,C형,S2,442
335,88,103,D형,S1,1494
336,89,103,B형,S3,74
337,89,107,B형,S3,1954
338,89,103,A형,S1,1955
339,89,104,A형,S1,1268
340,89,102,C형,S1,622
341,90,102,C형,S2,623
342,90,103,A형,S2,1098
343,91,107,A형,S1,1354
344,91,103,B형,S2,748
345,91,104,B형,S1,908
346,91,98,B형,S2,154
347,91,107,D형,S2,1777
348,91,107,C형,S1,1806
349,91,101,D형,S2,561
350,91,106,B형,S2,1874
351,92,108,C형,S3,1703
352,92,105,D형,S1,413
353,92,101,A형,S1,348
354,92,108,B형,S3,865
355,92,110,A형,S1,1399
356,93,105,C형,S3,778
357,93,109,A형,S1,1478
358,93,104,C형,S1,376
359,94,112,A형,S3,1856
360,94,104,C형,S1,1340
361,94,103,C형,S1,538
362,94,108,D형,S1,1574
363,94,102,D형,S2,849
364,94,108,B형,S2,1531
365,94,109,C형,S1,1420
366,95,111,A형,S1,1366
367,95,103,A형,S1,285
368,95,112,C형,S3,84
369,95,113,D형,S1,1414
370,96,103,C형,S2,497
371,96,109,B형,S3,180
372,96,104,B형,S1,1053
373,96,114,C형,S3,1871
374,96,111,B형,S1,1420
375,97,105,B형,S2,636
376,97,110,D형,S1,803
377,97,114,B형,S2,1411
378,98,106,D형,S2,926
379,98,108,C형,S2,1139
380,98,120,C형,S3,1689
381,98,110,C형,S1,160
382,99,110,D형,S1,95
383,99,116,D형,S3,1785
384,99,113,B형,S2,573
385,99,112,B형,S2,1653
386,99,108,C형,S2,615
387,99,115,D형,S1,1701
388,99,111,B형,S1,1985
389,100,113,A형,S1,1846
390,100,107,A형,S2,493
391,100,116,B형,S3,1059
392,100,111,C형,S2,141
393,100,116,D형,S3,570
394,101,114,B형,S1,862
395,101,113,B형,S1,120
396,101,117,B형,S1,1316
397,101,111,A형,S1,425
398,101,112,A형,S1,349
399,102,121,B형,S1,1319
400,102,120,B형,S1,1687
401,102,114,D형,S2,1994
402,103,116,A형,S2,433
403,103,122,D형,S3,1564
404,103,120,A형,S3,1423
405,103,120,B형,S1,1635
406,103,121,C형,S3,365
407,104,115,A형,S2,983
408,104,118,D형,S2,1769
409,105,113,D형,S3,1169
410,105,114,D형,S2,442
411,106,113,A형,S1,51
412,106,119,B형,S1,1476
413,106,114,C형,S1,182
414,106,122,D형,S2,1685
415,107,121,A형,S2,1333
416,107,118,A형,S2,547
417,107,114,C형,S1,463
418,107,118,A형,S1,231
419,108,120,A형,S2,709
420,108,116,A형,S2,1192
421,108,116,B형,S1,647
422,108,121,B형,S1,1023
423,109,127,C형,S1,1275
424,110,123,C형,S2,984
425,110,121,A형,S2,537
426,110,126,D형,S1,1573
427,110,129,D형,S3,1450
428,110,119,D형,S1,953
429,110,121,C형,S1,401
430,111,125,B형,S1,1019
431,111,122,A형,S3,752
432,112,126,D형,S2,1000
433,112,124,B형,S2,294
434,112,120,B형,S3,936
435,112,125,C형,S1,149
436,112,123,C형,S1,841
437,112,129,C형,S1,1412
438,113,123,B형,S2,363
439,113,122,B형,S1,299
440,113,122,C형,S1,625
441,114,129,B형,S2,1816
442,114,127,A형,S3,566
443,115,133,D형,S3,1886
444,115,127,C형,S1,533
445,115,122,C형,S1,161
446,116,132,A형,S3,1576
447,116,128,A형,S3,282
448,116,125,D형,S1,272
449,116,131,D형,S3,1091
450,116,129,A형,S2,450
451,117,129,B형,S1,1228
452,117,129,A형,S1,1076
453,117,127,B형,S1,1442
454,117,126,C형,S1,659
455,118,132,B형,S2,595
456,118,126,C형,S2,518
457,118,130,D형,S1,1510
458,118,128,A형,S2,778
459,118,135,C형,S2,1711
460,119,133,B형,S2,1028
461,119,135,A형,S2,1598
462,120,135,A형,S1,1364
463,120,136,B형,S2,1401
464,120,131,D형,S1,1945
465,120,135,C형,S3,933
466,120,137,A형,S1,1712
467,121,137,A형,S3,1658
468,121,128,D형,S2,888
469,121,136,B형,S1,1407
470,121,135,B형,S2,930
471,122,140,B형,S1,1349
472,122,136,C형,S2,860
473,122,136,B형,S2,1011
474,122,130,B형,S2,515
475,122,137,A형,S1,1289
476,122,133,C형,S2,1905
477,123,135,A형,S1,740
478,123,132,A형,S1,183
479,124,137,B형,S2,1430
480,124,136,C형,S3,449
481,124,134,A형,S1,1407
482,124,143,A형,S3,1340
483,124,143,A형,S1,1900
484,124,134,B형,S2,1199
485,125,135,C형,S1,284
486,125,132,A형,S2,593
487,126,139,B형,S1,579
488,126,140,B형,S2,1877
489,126,136,A형,S1,1727
490,126,138,B형,S1,848
491,126,138,A형,S2,1760
492,126,140,A형,S1,1212
493,127,140,D형,S3,663
494,128,135,A형,S2,227
495,128,148,A형,S3,1831
496,128,141,B형,S1,1787
497,128,140,B형,S2,1505
498,128,140,A형,S1,250
499,129,139,D형,S1,1137
500,129,141,A형,S1,818
501,129,146,B형,S1,1381
502,129,147,D형,S2,1776
503,129,141,D형,S1,1094
504,130,146,D형,S1,1892
505,130,143,B형,S2,427
506,130,145,C형,S1,1812
507,130,147,C형,S1,1752
508,131,147,A형,S2,1663
509,131,147,D형,S2,1906
510,132,142,A형,S2,504
511,132,146,C형,S3,426
512,132,140,A형,S3,112
513,132,150,A형,S1,1526
514,133,149,A형,S3,931
515,133,140,D형,S2,619
516,133,142,A형,S2,173
517,134,145,D형,S1,565
518,134,148,A형,S1,1923
519,134,148,A형,S2,188
520,134,143,A형,S1,65
521,134,144,D형,S2,540
522,134,144,A형,S1,684
523,134,146,D형,S2,436
524,134,145,A형,S2,446
525,135,146,D형,S2,1110
526,135,147,C형,S1,76
527,135,152,A형,S2,1963
528,135,144,B형,S1,1023
529,135,147,A형,S2,766
530,135,147,B형,S2,198
531,136,147,A형,S2,430
532,136,148,C형,S2,1804
533,136,148,B형,S1,704
534,136,156,A형,S3,1390
535,136,147,A형,S3,369
536,137,148,D형,S3,771
537,137,151,A형,S3,686
538,137,148,A형,S1,1691
539,138,153,A형,S3,828
540,138,147,B형,S2,1603
541,138,149,B형,S1,1847
542,139,150,B형,S2,686
543,139,150,A형,S3,461
544,139,150,A형,S2,1702
545,139,152,C형,S3,1858
546,139,152,A형,S1,1862
547,140,150,A형,S3,307
548,140,156,B형,S3,1258
549,140,147,A형,S2,277
550,140,153,C형,S3,735
551,140,151,A형,S1,843
552,141,157,A형,S1,1806
553,141,159,B형,S1,1479
554,142,160,A형,S2,1888
555,142,154,C형,S3,1678
556,142,150,B형,S3,727
557,142,154,B형,S1,1736
558,142,156,B형,S2,218
559,142,153,C형,S2,442
560,143,157,A형,S1,1742
561,143,155,C형,S3,156
562,143,158,D형,S2,1346
563,144,156,A형,S1,1788
564,144,158,A형,S1,502
565,144,161,C형,S2,1409
566,144,154,A형,S3,1155
567,144,155,A형,S1,1418
568,144,154,A형,S2,650
569,144,156,B형,S1,275
570,145,169,D형,S3,1842
571,145,157,D형,S1,252
572,145,157,B형,S3,717
573,146,156,B형,S2,52
574,146,160,D형,S2,432
575,146,156,C형,S2,1320
576,146,159,D형,S2,134
577,146,153,C형,S1,476
578,146,160,C형,S1,717
579,147,155,C형,S1,696
580,147,165,A형,S1,1979
581,147,154,A형,S1,413
582,147,154,A형,S2,475
583,147,166,D형,S2,1528
584,148,162,D형,S2,943
585,148,156,B형,S2,1020
586,148,161,A형,S3,1945
587,149,160,A형,S3,450
588,149,157,B형,S1,63
589,149,160,B형,S2,1766
590,149,162,A형,S3,625
591,150,159,A형,S1,674
592,150,164,B형,S2,1651
593,150,161,C형,S2,1267
594,150,158,A형,S2,236
595,150,164,A형,S2,1791
596,151,167,A형,S2,1860
597,151,163,B형,S1,66
598,151,171,B형,S3,1677
599,151,160,B형,S2,393
600,152,161,D형,S1,328
601,152,164,B형,S2,1541
602,153,168,A형,S2,1205
603,154,166,C형,S3,901
604,154,166,C형,S2,1133
605,154,162,D형,S2,441
606,154,169,A형,S1,1402
607,154,166,A형,S1,744
608,155,165,B형,S1,648
609,155,164,D형,S2,1140
610,155,173,B형,S3,799
611,155,162,B형,S2,175
612,155,162,A형,S1,519
613,156,171,D형,S1,1959
614,156,170,A형,S3,619
615,156,168,B형,S1,821
616,156,164,C형,S2,392
617,156,171,C형,S3,151
618,156,175,C형,S3,1813
619,156,167,B형,S2,1208
620,157,175,A형,S3,1780
621,157,172,D형,S1,1670
622,157,174,B형,S3,752
623,157,171,A형,S2,987
624,158,170,A형,S1,1401
625,158,175,C형,S3,1564
626,158,172,C형,S1,1006
627,158,172,B형,S3,123
628,159,168,B형,S1,597
629,159,170,C형,S2,657
630,159,169,D형,S1,731
631,159,167,B형,S2,1198
632,160,171,C형,S1,1932
633,160,177,D형,S3,337
634,160,169,C형,S1,715
635,161,175,B형,S2,570
636,162,176,A형,S3,1178
637,162,174,C형,S1,1638
638,163,181,C형,S2,1892
639,163,174,D형,S1,1039
640,164,175,A형,S2,630
641,164,174,A형,S3,474
642,164,183,B형,S1,1627
643,164,175,C형,S3,139
644,164,177,A형,S1,272
645,164,177,B형,S1,169
646,165,178,A형,S3,1479
647,165,182,D형,S1,1713
648,165,176,B형,S1,1623
649,165,176,A형,S1,585
650,165,181,C형,S3,1683
651,165,181,A형,S3,59
652,166,181,B형,S1,1951
653,167,178,A형,S1,1214
654,167,182,A형,S2,1436
655,167,181,A형,S3,239
656,167,183,A형,S1,1955
657,168,179,B형,S2,813
658,168,179,A형,S3,592
659,168,187,C형,S1,1708
660,169,176,D형,S1,1067
661,169,184,B형,S3,308
662,169,177,A형,S1,467
663,170,180,D형,S1,759
664,170,181,A형,S3,212
665,170,179,A형,S1,1038
666,170,178,B형,S2,905
667,171,184,B형,S1,1315
668,171,183,A형,S2,1453
669,171,182,B형,S1,313
670,172,189,B형,S2,1567
671,172,181,B형,S1,1652
672,172,189,A형,S3,83
673,172,189,B형,S2,1533
674,172,188,B형,S3,1887
675,172,185,A형,S1,815
676,173,184,B형,S2,532
677,173,182,B형,S1,1124
678,174,188,B형,S2,619
679,174,185,C형,S2,459
680,174,185,C형,S1,1673
681,176,193,B형,S2,1221
682,176,194,A형,S3,1793
683,177,192,D형,S1,1447
684,177,191,A형,S1,1486
685,177,192,C형,S3,1583
686,178,192,B형,S1,698
687,178,192,B형,S1,304
688,178,187,C형,S2,952
689,178,191,C형,S1,1946
690,178,194,D형,S3,1677
691,178,188,D형,S2,1460
692,178,191,A형,S2,746
693,179,190,B형,S1,460
694,179,197,C형,S3,1620
695,179,187,A형,S3,907
696,179,193,B형,S1,1574
697,179,188,D형,S2,461
698,179,195,A형,S3,963
699,179,195,A형,S2,1605
700,179,196,A형,S3,1798
701,180,193,A형,S1,135
702,180,191,A형,S2,799
703,180,193,B형,S2,570
704,180,194,C형,S1,1512
705,180,197,B형,S2,1570
706,180,197,B형,S1,1297
707,180,197,A형,S2,1502
708,181,191,A형,S2,695
709,181,195,D형,S2,163
710,181,189,A형,S1,1086
711,182,196,D형,S1,92
712,182,196,A형,S3,1231
713,182,194,B형,S2,1231
714,182,193,C형,S1,1096
715,182,194,A형,S1,1699
716,183,197,A형,S1,265
717,183,193,B형,S1,841
718,183,200,A형,S3,1983
719,184,198,A형,S1,547
720,184,201,A형,S3,1934
721,184,192,A형,S2,55
722,184,194,B형,S2,123
723,184,196,A형,S2,464
724,184,197,A형,S2,1891
725,184,199,B형,S1,1304
726,184,198,C형,S1,1086
727,184,194,A형,S1,289
728,185,195,D형,S1,295
729,186,206,B형,S3,1721
730,186,199,D형,S3,1650
731,186,197,A형,S2,166
732,186,199,A형,S1,894
733,186,194,A형,S2,1115
734,187,198,D형,S2,1440
735,187,197,B형,S1,67
736,187,202,C형,S1,1663
737,187,198,C형,S2,1075
738,187,198,A형,S1,1099
739,187,200,B형,S1,751
740,188,201,A형,S1,146
741,188,206,B형,S1,1865
742,188,197,C형,S2,1653
743,189,205,A형,S1,1665
744,189,208,D형,S3,1403
745,189,202,B형,S3,998
746,190,201,B형,S2,1824
747,190,197,C형,S2,261
748,190,202,A형,S2,576
749,190,198,C형,S1,923
750,190,207,B형,S3,1581
751,190,204,B형,S1,702
752,191,206,A형,S2,1752
753,191,204,A형,S2,665
754,191,201,D형,S1,742
755,191,198,B형,S1,675
756,192,203,B형,S2,849
757,192,208,C형,S3,1638
758,192,206,D형,S1,701
759,192,203,A형,S2,1001
760,192,201,D형,S2,61
761,193,201,A형,S2,1129
762,193,203,B형,S1,501
763,194,204,A형,S2,1009
764,194,202,A형,S2,696
765,194,204,B형,S3,790
766,194,204,B형,S2,261
767,194,206,B형,S2,947
768,194,204,C형,S1,1542
769,194,210,D형,S1,1238
770,195,213,A형,S3,882
771,195,210,A형,S1,1700
772,196,205,B형,S1,1158
773,196,208,B형,S3,1246
774,196,210,A형,S1,604
775,196,205,B형,S2,1386
776,197,205,C형,S1,752
777,197,206,D형,S2,430
778,197,216,D형,S3,1519
779,197,214,C형,S3,1175
780,197,208,A형,S2,966
781,198,213,D형,S2,1441
782,199,217,C형,S2,1213
783,199,212,A형,S1,1530
784,200,213,D형,S1,874
785,200,216,A형,S2,1999
786,201,208,C형,S1,1136
787,201,215,C형,S3,966
788,201,219,D형,S1,1799
789,202,215,C형,S2,1998
790,202,209,D형,S1,571
791,202,215,A형,S2,503
792,203,212,A형,S2,1062
793,203,210,A형,S1,189
794,203,222,B형,S3,1390
795,203,222,B형,S2,1372
796,203,214,A형,S2,219
797,203,214,A형,S2,574
798,203,219,B형,S1,1925
799,204,219,B형,S3,401
800,204,217,C형,S1,1022
801,204,216,B형,S1,1376
802,205,215,D형,S2,528
803,205,220,C형,S3,709
804,205,222,B형,S3,1532
805,205,217,B형,S2,878
806,205,217,A형,S1,1640
807,205,214,A형,S2,165
808,205,218,B형,S2,1279
809,206,216,B형,S3,714
810,206,223,A형,S3,1836
811,206,216,B형,S2,906
812,207,223,A형,S3,223
813,207,220,D형,S2,1681
814,207,216,B형,S3,1078
815,207,215,A형,S2,166
816,207,220,A형,S1,1498
817,207,219,A형,S2,1188
818,207,224,A형,S2,1837
819,208,225,B형,S1,1419
820,208,225,A형,S1,1300
821,208,216,A형,S1,481
822,208,223,C형,S2,1224
823,208,221,B형,S1,381
824,209,223,C형,S1,807
825,209,221,B형,S3,893
826,209,222,B형,S3,1164
827,210,220,A형,S3,458
828,210,220,B형,S3,1131
829,211,224,B형,S2,683
830,211,226,A형,S2,1814
831,211,229,C형,S2,1981
832,211,226,A형,S2,1662
833,211,223,A형,S1,508
834,211,224,A형,S1,1487
835,211,231,C형,S2,1965
836,212,226,C형,S2,1851
837,212,232,B형,S3,1752
838,212,219,B형,S1,179
839,212,219,B형,S1,343
840,212,227,C형,S1,1550
841,213,227,A형,S1,648
842,213,224,C형,S1,954
843,213,223,C형,S2,992
844,213,232,B형,S3,1516
845,213,228,A형,S1,1496
846,213,221,B형,S1,627
847,214,229,A형,S2,1592
848,214,221,B형,S1,961
849,214,225,B형,S1,1188
850,214,230,D형,S3,1657
851,214,226,A형,S1,605
852,214,223,A형,S1,118
853,215,232,B형,S2,1327
854,215,226,D형,S2,617
855,215,228,A형,S3,556
856,216,225,B형,S2,1002
857,216,227,A형,S1,1760
858,216,229,B형,S1,1710
859,216,232,A형,S2,1474
860,217,226,C형,S2,576
861,217,232,B형,S1,1892
862,217,229,C형,S1,1654
863,217,229,A형,S1,122
864,217,229,A형,S1,526
865,218,226,A형,S1,286
866,218,226,A형,S1,641
867,219,231,A형,S2,1370
868,219,228,A형,S1,1129
869,219,235,B형,S3,333
870,219,233,B형,S2,1325
871,219,232,C형,S1,1209
872,219,236,B형,S3,1766
873,220,230,B형,S2,656
874,220,235,C형,S3,1764
875,220,239,D형,S1,1330
876,220,229,B형,S3,537
877,220,227,A형,S2,680
878,220,237,B형,S1,1503
879,220,234,A형,S1,1399
880,221,236,B형,S1,1288
881,221,229,A형,S1,836
882,221,235,B형,S1,802
883,221,232,A형,S1,1139
884,221,238,D형,S2,1563
885,222,232,A형,S1,543
886,222,232,C형,S1,1800
887,222,230,C형,S1,438
888,222,234,A형,S1,984
889,223,237,B형,S1,653
890,223,233,A형,S1,1836
891,223,231,A형,S2,392
892,223,232,A형,S1,298
893,223,237,A형,S3,1382
894,223,232,C형,S3,374
895,223,242,A형,S2,1978
896,223,237,A형,S1,1540
897,224,237,A형,S1,1769
898,224,232,C형,S2,645
899,225,243,B형,S3,1505
900,225,242,B형,S3,1191
901,226,238,B형,S2,876
902,226,238,C형,S3,1019
903,226,236,B형,S1,82
904,226,240,B형,S2,334
905,226,240,A형,S1,292
906,226,244,B형,S1,1520
907,226,236,D형,S2,574
908,226,241,B형,S2,1495
909,226,240,B형,S3,1436
910,226,236,D형,S1,333
911,227,239,A형,S1,683
912,227,237,A형,S1,556
913,227,241,C형,S1,273
914,227,245,D형,S1,1611
915,228,236,A형,S1,775
916,228,242,A형,S3,1828
917,229,243,A형,S1,1696
918,229,243,B형,S1,1746
919,229,246,A형,S1,1493
920,229,236,B형,S1,1028
921,229,242,C형,S1,879
922,230,240,A형,S2,766
923,230,249,D형,S1,1273
924,230,238,A형,S1,918
925,230,244,B형,S2,1724
926,231,245,B형,S1,393
927,231,241,A형,S3,762
928,231,241,B형,S1,1017
929,231,245,A형,S1,598
930,231,243,B형,S3,500
931,232,244,A형,S1,1144
932,232,241,B형,S1,365
933,232,246,A형,S1,1574
934,232,240,A형,S2,792
935,232,247,C형,S1,1512
936,233,240,D형,S1,174
937,233,245,A형,S2,1587
938,233,240,D형,S2,967
939,234,243,B형,S1,1710
940,234,252,A형,S2,1407
941,234,245,A형,S3,1617
942,234,246,D형,S2,1320
943,235,246,A형,S1,263
944,235,250,A형,S2,1951
945,235,245,C형,S2,814
946,235,251,C형,S1,1777
947,235,251,D형,S3,1042
948,235,255,B형,S1,1285
949,236,243,A형,S2,404
950,236,249,A형,S1,1800
951,237,255,A형,S2,1592
952,237,250,B형,S2,916
953,238,255,D형,S3,867
954,238,253,A형,S1,1607
955,238,252,B형,S1,372
956,238,252,B형,S2,604
957,238,249,A형,S3,324
958,239,248,B형,S2,1077
959,239,252,D형,S3,776
960,240,256,A형,S2,1960
961,240,255,C형,S3,1792
962,240,254,D형,S1,1217
963,241,261,A형,S3,1542
964,241,249,D형,S2,1038
965,241,257,C형,S3,879
966,241,257,B형,S1,1585
967,241,250,A형,S2,753
968,242,258,A형,S3,659
969,242,251,A형,S2,325
970,242,258,D형,S1,1670
971,242,260,C형,S1,1595
972,243,257,A형,S3,86
973,243,256,B형,S2,1693
974,243,250,A형,S1,514
975,243,256,C형,S1,1781
976,244,257,B형,S2,395
977,244,251,D형,S1,359
978,244,253,C형,S1,551
979,244,257,A형,S2,1871
980,245,264,B형,S1,1893
981,245,262,B형,S1,1338
982,245,257,D형,S3,96
983,246,258,B형,S1,1253
984,246,256,A형,S1,632
985,246,264,A형,S3,1473
986,246,256,A형,S2,1170
987,246,263,A형,S1,1756
988,247,264,A형,S3,1421
989,247,257,A형,S1,663
990,247,264,B형,S1,1558
991,247,259,D형,S3,518
992,247,260,D형,S2,797
993,248,257,A형,S1,509
994,248,255,B형,S2,479
995,248,256,C형,S1,835
996,248,262,A형,S1,1712
997,249,257,B형,S2,917
998,249,264,A형,S3,288
999,249,264,B형,S1,1514
1000,250,258,A형,S1,176
1001,250,262,C형,S1,1146
1002,251,264,A형,S1,501
1003,251,267,B형,S2,1813
1004,251,260,B형,S2,1010
1005,251,263,A형,S2,856
1006,251,267,D형,S3,1887
1007,252,263,A형,S2,942
1008,252,263,A형,S2,1471
1009,252,266,C형,S2,900
1010,253,267,B형,S2,1149
1011,253,266,C형,S2,1020
1012,254,265,A형,S3,1066
1013,254,264,A형,S1,900
1014,254,266,C형,S2,1402
1015,254,268,B형,S1,976
1016,254,267,D형,S1,1271
1017,255,276,A형,S3,1465
1018,255,264,A형,S1,705
1019,257,270,D형,S2,381
1020,257,268,B형,S1,230
1021,257,272,A형,S2,1217
1022,258,269,A형,S1,441
1023,258,269,C형,S2,748
1024,258,278,A형,S3,1576
1025,259,267,B형,S2,950
1026,259,275,C형,S2,1287
1027,260,267,B형,S2,338
1028,260,275,C형,S1,1604
1029,260,270,D형,S2,1208
1030,261,273,A형,S1,136
1031,261,272,D형,S1,966
1032,261,274,B형,S2,1806
1033,261,273,A형,S3,971
1034,262,270,A형,S2,795
1035,262,276,A형,S2,104
1036,263,275,A형,S1,1856
1037,263,271,C형,S3,488
1038,263,273,B형,S1,1209
1039,264,276,A형,S2,881
1040,264,277,D형,S2,1117
1041,264,274,B형,S2,285
1042,264,273,B형,S1,1645
1043,264,278,A형,S1,365
1044,265,276,B형,S1,1269
1045,265,274,D형,S1,548
1046,265,277,B형,S2,1365
1047,265,273,B형,S1,233
1048,266,274,B형,S1,357
1049,266,281,B형,S2,1810
1050,266,279,B형,S1,1228
1051,266,281,A형,S2,1634
1052,267,276,A형,S1,745
1053,267,286,A형,S1,1537
1054,268,278,C형,S2,197
1055,268,283,A형,S3,1448
1056,268,276,A형,S1,309
1057,268,282,B형,S1,1305
1058,269,276,B형,S1,985
1059,269,287,D형,S2,1282
1060,269,285,A형,S3,561
1061,269,281,A형,S1,254
1062,270,284,A형,S1,1542
1063,270,278,B형,S1,949
1064,270,283,A형,S1,288
1065,271,284,B형,S2,866
1066,271,280,C형,S2,76
1067,271,289,A형,S2,1764
1068,271,290,C형,S1,1994
1069,271,282,A형,S1,831
1070,272,289,B형,S3,660
1071,272,288,D형,S1,1276
1072,273,283,D형,S1,1044
1073,273,286,B형,S1,1526
1074,273,285,D형,S3,459
1075,273,284,A형,S2,790
1076,273,286,A형,S2,457
1077,273,290,B형,S2,1900
1078,273,284,B형,S3,834
1079,274,290,C형,S2,1301
1080,274,287,B형,S1,1590
1081,274,284,A형,S1,1256
1082,274,287,C형,S1,126
1083,274,288,A형,S1,1977
1084,274,295,D형,S3,1682
1085,274,286,A형,S2,648
1086,274,290,A형,S1,1981
1087,274,292,A형,S2,1787
1088,275,285,A형,S1,1140
1089,275,287,B형,S2,894
1090,275,285,A형,S3,752
1091,275,288,A형,S1,549
1092,275,284,B형,S2,506
1093,276,286,C형,S2,289
1094,276,289,A형,S3,406
1095,276,292,B형,S1,1960
1096,276,287,A형,S2,680
1097,276,286,A형,S1,466
1098,276,294,B형,S2,1710
1099,276,293,A형,S3,1210
1100,276,290,D형,S2,56
1101,276,288,A형,S1,540
1102,276,291,B형,S3,1582
1103,277,289,C형,S2,586
1104,277,290,B형,S2,1351
1105,277,293,B형,S3,1181
1106,277,284,A형,S2,87
1107,278,288,A형,S1,298
1108,278,291,A형,S1,185
1109,278,292,D형,S2,1653
1110,278,292,A형,S1,1483
1111,278,290,A형,S1,301
1112,278,292,C형,S1,1362
1113,278,286,B형,S1,358
1114,279,290,B형,S1,661
1115,279,298,A형,S1,1389
1116,279,294,A형,S2,1729
1117,279,289,C형,S1,629
1118,279,292,A형,S1,459
1119,280,292,A형,S2,91
1120,280,288,C형,S2,882
1121,280,291,A형,S3,1156
1122,280,291,D형,S1,274
1123,280,297,A형,S2,1343
1124,280,295,B형,S1,1309
1125,281,289,B형,S1,357
1126,281,288,B형,S1,219
1127,281,290,C형,S2,433
1128,281,289,A형,S2,399
1129,281,296,B형,S3,400
1130,282,293,C형,S2,1544
1131,282,291,A형,S1,490
1132,282,292,B형,S2,1025
1133,282,293,B형,S1,1560
1134,282,299,B형,S2,1340
1135,282,293,B형,S2,869
1136,282,297,B형,S1,1481
1137,282,290,C형,S2,88
1138,282,300,D형,S1,1232
1139,283,294,C형,S1,730
1140,284,291,D형,S1,435
1141,284,298,C형,S2,397
1142,284,304,A형,S2,1412
1143,284,298,A형,S1,1927
1144,284,294,A형,S2,276
1145,284,300,A형,S3,640
1146,285,301,A형,S3,576
1147,286,298,C형,S2,1006
1148,286,295,C형,S1,923
1149,286,297,B형,S1,1365
1150,286,299,B형,S3,273
1151,286,299,B형,S3,1034
1152,286,302,A형,S3,256
1153,286,300,D형,S1,1615
1154,286,299,A형,S1,1321
1155,287,303,A형,S1,1767
1156,287,302,B형,S2,1496
1157,287,303,A형,S3,1385
1158,287,294,D형,S2,772
1159,287,303,B형,S1,1695
1160,288,298,B형,S2,810
1161,288,300,A형,S1,526
1162,288,296,A형,S2,454
1163,288,301,B형,S1,1052
1164,288,299,A형,S1,1067
1165,288,298,A형,S1,542
1166,288,296,B형,S1,1181
1167,289,299,A형,S1,452
1168,289,309,C형,S3,1870
1169,290,298,C형,S2,113
1170,290,303,C형,S1,129
1171,290,298,D형,S3,689
1172,291,306,C형,S1,1822
1173,291,299,A형,S1,461
1174,291,307,B형,S3,1981
1175,291,305,A형,S3,705
1176,292,302,A형,S2,725
1177,292,306,A형,S1,256
1178,292,306,A형,S2,1465
1179,292,302,A형,S1,1740
1180,293,307,A형,S1,1658
1181,293,309,C형,S3,338
1182,293,311,A형,S1,1319
1183,294,305,A형,S1,926
1184,294,301,B형,S1,613
1185,294,310,A형,S2,1541
1186,294,310,C형,S2,1264
1187,295,307,A형,S1,1732
1188,295,306,B형,S1,1759
1189,295,313,A형,S3,1720
1190,295,308,B형,S1,258
1191,296,307,D형,S1,1257
1192,296,303,A형,S2,985
1193,296,310,B형,S1,391
1194,296,308,B형,S2,94
1195,296,305,A형,S1,447
1196,296,309,A형,S1,1697
1197,297,317,C형,S2,1385
1198,297,312,A형,S2,1568
1199,297,316,C형,S1,1805
1200,297,305,B형,S1,139
1201,298,314,C형,S3,843
1202,298,311,A형,S1,1504
1203,298,311,B형,S1,1485
1204,299,318,B형,S1,1398
1205,299,308,C형,S1,322
1206,299,310,A형,S1,296
1207,299,311,B형,S3,886
1208,300,313,B형,S1,1074
1209,300,315,B형,S3,670
1210,300,319,A형,S2,1394
1211,300,311,B형,S1,483
1212,300,307,C형,S1,704
1213,300,310,C형,S2,247
1214,300,307,A형,S2,1032
1215,301,317,B형,S1,1496
1216,301,319,A형,S1,1953
1217,301,314,B형,S3,519
1218,301,316,B형,S2,1289
1219,301,314,D형,S2,148
1220,302,312,A형,S3,1028
1221,302,317,D형,S1,1775
1222,303,317,A형,S1,178
1223,303,317,A형,S3,794
1224,303,310,A형,S1,286
1225,304,316,A형,S1,1085
1226,304,323,D형,S3,1709
1227,304,312,C형,S3,962
1228,304,325,D형,S3,1498
1229,304,316,B형,S2,643
1230,304,317,A형,S1,1678
1231,304,311,B형,S2,510
1232,305,315,D형,S1,1177
1233,305,316,A형,S1,744
1234,305,314,C형,S1,1173
1235,305,315,A형,S2,577
1236,306,320,C형,S3,1084
1237,306,316,B형,S2,575
1238,307,321,D형,S1,1483
1239,307,318,D형,S2,493
1240,307,315,A형,S1,693
1241,307,321,B형,S3,79
1242,307,314,A형,S1,1018
1243,307,316,B형,S1,54
1244,308,319,A형,S1,966
1245,308,319,B형,S1,1722
1246,308,319,B형,S1,1340
1247,308,316,A형,S1,1071
1248,309,316,B형,S1,471
1249,309,320,D형,S2,1748
1250,309,321,A형,S3,98
1251,310,325,D형,S3,427
1252,310,318,B형,S2,222
1253,310,317,A형,S1,742
1254,311,324,D형,S1,399
1255,312,322,B형,S2,346
1256,312,323,B형,S1,1721
1257,312,324,B형,S1,1108
1258,312,329,D형,S2,1447
1259,312,324,A형,S1,1077
1260,313,325,A형,S3,1512
1261,313,327,A형,S2,1526
1262,313,325,A형,S2,916
1263,313,328,C형,S3,1694
1264,313,327,B형,S1,250
1265,313,328,B형,S1,1883
1266,314,327,D형,S2,957
1267,315,325,B형,S3,353
1268,315,330,A형,S1,1732
1269,315,330,B형,S2,1354
1270,315,328,B형,S3,1042
1271,315,326,A형,S1,577
1272,315,327,A형,S2,1282
1273,316,332,B형,S2,1616
1274,316,330,C형,S1,779
1275,316,330,A형,S2,343
1276,316,325,D형,S3,342
1277,316,334,A형,S1,1596
1278,316,330,A형,S1,1271
1279,317,325,A형,S2,541
1280,317,329,B형,S1,995
1281,317,327,B형,S3,376
1282,317,326,C형,S1,723
1283,317,332,D형,S3,1622
1284,317,331,A형,S3,554
1285,317,334,C형,S3,1926
1286,318,332,A형,S3,1407
1287,318,328,B형,S2,159
1288,318,330,A형,S1,669
1289,319,331,D형,S2,655
1290,319,327,B형,S2,1173
1291,319,334,C형,S1,1996
1292,319,328,A형,S2,556
1293,319,326,C형,S1,396
1294,319,333,A형,S2,1519
1295,319,330,B형,S1,1266
1296,320,332,C형,S1,781
1297,320,342,A형,S3,1411
1298,320,330,B형,S2,983
1299,321,333,C형,S1,1777
1300,321,340,A형,S2,1858
1301,321,334,B형,S3,660
1302,321,340,A형,S2,1450
1303,321,329,A형,S2,1031
1304,321,340,B형,S1,1485
1305,321,329,B형,S2,767
1306,322,334,B형,S1,711
1307,322,337,D형,S3,87
1308,322,333,C형,S2,1688
1309,323,336,A형,S1,1058
1310,323,335,B형,S3,802
1311,323,335,C형,S2,1098
1312,323,335,C형,S1,1977
1313,323,333,C형,S1,1670
1314,324,336,B형,S1,1797
1315,324,333,A형,S2,781
1316,324,337,D형,S1,1335
1317,324,333,A형,S1,1068
1318,324,340,B형,S2,1671
1319,324,337,D형,S1,1474
1320,324,335,A형,S1,1110
1321,325,338,D형,S1,987
1322,325,339,A형,S1,1479
1323,326,338,A형,S2,1026
1324,326,338,B형,S1,293
1325,326,342,C형,S3,153
1326,326,344,B형,S1,1977
1327,326,334,C형,S1,554
1328,326,340,B형,S1,1610
1329,326,343,C형,S3,271
1330,326,334,A형,S2,327
1331,326,339,A형,S1,105
1332,327,339,A형,S1,523
1333,327,337,C형,S1,1959
1334,327,338,B형,S2,1171
1335,327,339,C형,S2,68
1336,327,343,A형,S2,1537
1337,328,340,C형,S1,1870
1338,328,339,D형,S1,340
1339,329,341,A형,S2,1123
1340,329,345,A형,S1,1923
1341,330,341,D형,S2,693
1342,330,337,D형,S2,724
1343,330,343,D형,S2,1257
1344,330,347,A형,S1,1990
1345,330,347,B형,S1,1857
1346,330,350,A형,S3,1517
1347,331,348,B형,S3,601
1348,331,344,B형,S2,996
1349,331,338,A형,S2,385
1350,331,339,B형,S1,757
1351,331,344,B형,S3,1916
1352,331,342,A형,S2,238
1353,331,338,A형,S1,298
1354,331,340,C형,S2,221
1355,332,339,A형,S1,438
1356,332,347,D형,S1,1277
1357,332,348,D형,S3,780
1358,332,344,D형,S1,1558
1359,333,350,C형,S2,1216
1360,333,344,A형,S2,1819
1361,333,350,A형,S3,676
1362,333,347,A형,S1,761
1363,334,345,A형,S2,118
1364,334,349,A형,S1,1878
1365,334,350,D형,S1,1676
1366,335,344,D형,S1,628
1367,335,345,C형,S2,504
1368,335,346,A형,S1,1882
1369,335,349,D형,S2,1052
1370,336,352,C형,S1,1841
1371,336,345,A형,S1,665
1372,336,347,A형,S3,352
1373,336,343,A형,S1,1194
1374,337,351,B형,S2,1728
1375,337,347,C형,S1,254
1376,337,355,A형,S1,1422
1377,338,349,B형,S1,119
1378,338,355,B형,S3,1419
1379,338,347,D형,S1,1764
1380,339,357,A형,S2,1688
1381,339,353,C형,S1,1239
1382,339,351,A형,S2,1096
1383,339,346,B형,S2,305
1384,339,351,C형,S1,1038
1385,340,353,C형,S3,1860
1386,340,349,C형,S1,765
1387,340,354,A형,S1,594
1388,340,352,A형,S1,1737
1389,340,356,A형,S3,1092
1390,340,357,A형,S3,1807
1391,340,347,A형,S1,132
1392,340,354,C형,S1,363
1393,340,354,A형,S2,1369
1394,340,356,A형,S1,1555
1395,341,357,C형,S3,1950
1396,341,349,C형,S1,587
1397,341,352,D형,S1,554
1398,342,353,B형,S1,408
1399,342,357,A형,S1,1500
1400,342,350,C형,S1,434
1401,342,360,A형,S1,1807
1402,342,352,C형,S3,1167
1403,342,358,A형,S2,1364
1404,342,354,A형,S1,595
1405,342,362,B형,S3,1470
1406,343,351,C형,S1,522
1407,343,355,B형,S3,389
1408,343,353,B형,S1,242
1409,343,350,B형,S1,346
1410,343,355,A형,S2,683
1411,344,358,A형,S1,253
1412,345,358,A형,S1,1559
1413,345,355,B형,S2,732
1414,345,353,A형,S2,92
1415,346,357,A형,S1,1794
1416,346,363,B형,S3,991
1417,346,361,B형,S2,1322
1418,346,362,A형,S2,1225
1419,347,361,D형,S2,1600
1420,347,361,D형,S1,146
1421,347,357,A형,S2,748
1422,348,359,B형,S1,623
1423,348,355,A형,S1,1163
1424,348,363,A형,S2,1817
1425,349,356,A형,S1,72
1426,349,360,A형,S1,1988
1427,349,359,A형,S2,974
1428,349,363,A형,S3,1708
1429,349,362,B형,S1,1908
1430,350,357,A형,S1,380
1431,350,357,D형,S1,495
1432,351,366,C형,S2,1540
1433,352,364,A형,S2,866
1434,352,362,C형,S1,929
1435,352,360,D형,S1,655
1436,352,360,A형,S2,382
1437,352,368,B형,S2,1688
1438,353,360,B형,S2,987
1439,354,362,A형,S2,66
1440,354,373,A형,S3,1849
1441,354,361,A형,S1,284
1442,355,370,B형,S3,1760
1443,355,373,A형,S1,1430
1444,355,362,B형,S1,813
1445,356,365,D형,S1,820
1446,356,364,A형,S1,173
1447,356,370,A형,S3,818
1448,356,375,D형,S3,1806
1449,356,374,B형,S1,1767
1450,356,371,B형,S1,1973
1451,356,369,A형,S1,1350
1452,356,370,B형,S3,1047
1453,357,372,B형,S1,1620
1454,357,365,B형,S1,489
1455,357,370,B형,S3,1805
1456,357,367,A형,S2,1110
1457,358,367,D형,S1,925
1458,358,370,C형,S3,1407
1459,358,370,D형,S2,1196
1460,358,367,A형,S1,990
1461,358,378,A형,S3,1805
1462,359,369,A형,S1,737
1463,359,369,A형,S1,1700
1464,359,368,A형,S3,533
1465,359,371,A형,S1,848
1466,360,371,A형,S2,628
1467,360,374,A형,S2,408
1468,360,370,D형,S1,147
1469,360,373,B형,S3,1156
1470,361,368,C형,S2,547
1471,361,376,A형,S1,1990
1472,361,371,A형,S2,1908
1473,361,368,D형,S1,677
1474,361,373,A형,S3,65
1475,362,376,A형,S2,1504
1476,362,379,B형,S1,1468
1477,362,373,A형,S2,745
1478,362,373,A형,S2,1588
1479,362,376,B형,S2,278
1480,363,374,B형,S1,839
1481,363,370,A형,S1,455
1482,363,381,B형,S3,1210
1483,363,374,B형,S3,183
1484,363,373,C형,S1,480
1485,363,376,A형,S1,359
1486,364,382,A형,S1,1352
1487,364,372,B형,S1,851
1488,364,381,A형,S3,1430
1489,364,372,C형,S2,300
1490,364,378,D형,S2,1482
1491,365,377,A형,S2,1177
1492,365,375,C형,S1,1008
1493,366,375,A형,S1,800
1494,366,385,D형,S1,1942
1495,366,375,A형,S1,1287
1496,366,385,A형,S2,1739
1497,366,377,A형,S3,542
1498,367,379,B형,S3,1166
1499,367,379,A형,S2,1408
1500,367,380,D형,S1,1380
1501,367,376,B형,S1,905
1502,367,377,B형,S2,585
1503,367,376,B형,S1,691
1504,368,380,B형,S2,1890
1505,368,378,D형,S2,539
1506,368,388,C형,S1,1308
1507,368,382,B형,S3,1391
1508,369,380,A형,S1,1795
1509,369,383,A형,S1,851
1510,369,381,A형,S3,612
1511,370,378,B형,S2,191
1512,370,384,A형,S3,1965
1513,370,383,D형,S3,902
1514,370,384,A형,S1,255
1515,370,383,B형,S2,165
1516,370,384,A형,S1,1084
1517,371,379,B형,S1,961
1518,371,383,B형,S1,265
1519,371,390,A형,S1,1776
1520,371,382,D형,S2,420
1521,371,379,A형,S2,786
1522,371,386,A형,S3,1540
1523,372,379,C형,S1,906
1524,372,381,A형,S2,178
1525,372,386,D형,S1,1354
1526,372,386,A형,S1,796
1527,372,384,A형,S2,1481
1528,373,384,C형,S1,423
1529,373,386,D형,S3,1227
1530,373,391,D형,S1,1708
1531,374,387,A형,S1,499
1532,374,389,B형,S3,210
1533,374,391,B형,S3,986
1534,374,386,C형,S1,706
1535,374,392,A형,S1,1261
1536,375,389,C형,S2,1719
1537,375,385,C형,S1,1854
1538,375,392,A형,S1,1389
1539,375,390,A형,S2,1870
1540,375,394,A형,S2,1421
1541,376,388,D형,S1,1876
1542,376,394,B형,S1,1982
1543,376,388,B형,S1,407
1544,376,385,D형,S2,95
1545,376,389,B형,S1,59
1546,376,391,D형,S3,1346
1547,377,390,A형,S1,755
1548,377,390,A형,S2,1502
1549,377,391,A형,S2,1736
1550,378,399,C형,S3,1508
1551,378,386,B형,S2,837
1552,378,393,C형,S3,1442
1553,378,394,B형,S2,1400
1554,378,385,C형,S1,190
1555,379,390,B형,S1,139
1556,379,390,B형,S2,213
1557,379,388,C형,S2,1092
1558,380,397,B형,S2,1556
1559,380,394,B형,S2,1666
1560,380,397,C형,S1,1242
1561,380,396,D형,S2,1902
1562,380,394,B형,S2,562
1563,381,391,A형,S1,522
1564,381,394,C형,S1,68
1565,382,395,B형,S2,313
1566,382,390,D형,S2,1090
1567,382,401,C형,S1,1560
1568,382,393,B형,S2,226
1569,382,392,D형,S2,1673
1570,382,400,B형,S1,1509
1571,382,391,C형,S1,297
1572,382,394,D형,S2,714
1573,382,393,B형,S3,1292
1574,383,394,D형,S2,1624
1575,383,394,B형,S1,1646
1576,384,391,B형,S2,236
1577,384,398,B형,S2,178
1578,385,401,B형,S3,1013
1579,385,395,C형,S1,495
1580,385,398,B형,S2,244
1581,387,394,C형,S1,930
1582,387,408,C형,S3,1571
1583,387,394,B형,S2,1095
1584,388,398,D형,S1,1141
1585,388,401,C형,S2,1242
1586,389,397,D형,S2,507
1587,389,403,A형,S1,1328
1588,389,407,A형,S1,1927
1589,389,403,B형,S1,227
1590,389,404,A형,S2,1379
1591,389,397,D형,S1,860
1592,390,402,B형,S1,705
1593,390,400,C형,S1,340
1594,390,403,A형,S2,1717
1595,390,404,B형,S2,903
1596,390,397,D형,S2,790
1597,390,408,D형,S1,1944
1598,391,408,B형,S1,1887
1599,391,400,B형,S2,239
1600,391,405,B형,S1,629
1601,391,400,A형,S1,625
1602,391,402,B형,S1,1969
1603,392,404,D형,S1,101
1604,393,406,D형,S1,171
1605,393,410,A형,S3,1690
1606,393,406,C형,S1,1482
1607,393,401,D형,S1,869
1608,394,405,B형,S2,618
1609,394,403,C형,S1,54
1610,394,403,C형,S1,876
1611,394,406,D형,S1,1127
1612,395,412,A형,S1,1290
1613,395,405,D형,S2,712
1614,395,403,D형,S1,139
1615,395,406,A형,S2,556
1616,395,405,B형,S1,485
1617,395,410,A형,S2,1933
1618,395,408,B형,S3,252
1619,396,416,C형,S2,1644
1620,397,417,C형,S3,1492
1621,397,410,D형,S2,967
1622,397,405,A형,S1,481
1623,397,409,A형,S1,242
1624,398,409,C형,S2,1021
1625,398,416,A형,S1,1575
1626,398,406,A형,S2,690
1627,399,412,A형,S1,1574
1628,399,416,C형,S3,510
1629,399,413,B형,S1,630
1630,399,409,C형,S1,1873
1631,399,410,C형,S1,1191
1632,400,407,C형,S2,1039
1633,400,412,C형,S3,1139
1634,400,414,D형,S2,1318
1635,401,413,A형,S2,1158
1636,401,418,B형,S2,1423
1637,401,408,B형,S1,506
1638,401,416,B형,S2,1651
1639,401,414,C형,S2,68
1640,402,414,C형,S2,563
1641,402,410,A형,S1,660
1642,402,409,A형,S1,203
1643,402,416,C형,S1,1634
1644,403,413,C형,S1,961
1645,403,412,A형,S1,1452
1646,403,414,A형,S1,381
1647,404,415,A형,S2,1985
1648,404,422,A형,S3,89
1649,404,420,A형,S2,1301
1650,404,420,A형,S2,1843
1651,404,417,A형,S2,1750
1652,405,422,A형,S1,1271
1653,405,419,A형,S1,1958
1654,407,416,A형,S2,858
1655,407,421,A형,S2,742
1656,407,414,B형,S2,316
1657,407,423,C형,S3,1404
1658,407,422,D형,S2,1534
1659,408,424,B형,S3,164
1660,408,419,A형,S1,1089
1661,408,421,A형,S3,1259
1662,409,419,C형,S2,389
1663,409,420,B형,S2,1041
1664,410,426,B형,S2,1965
1665,410,428,C형,S1,1601
1666,410,424,C형,S1,1904
1667,410,421,D형,S3,1079
1668,410,427,A형,S2,1857
1669,411,425,A형,S3,1930
1670,411,422,A형,S1,1661
1671,411,425,B형,S2,907
1672,411,420,B형,S2,1086
1673,412,423,A형,S1,952
1674,413,427,A형,S2,635
1675,413,424,B형,S1,1159
1676,413,428,A형,S1,1320
1677,414,429,A형,S1,1675
1678,414,428,B형,S2,345
1679,414,428,D형,S2,1047
1680,415,426,B형,S3,1252
1681,415,438,C형,S3,1242
1682,415,430,B형,S3,178
1683,415,437,B형,S3,1483
1684,415,422,A형,S2,76
1685,416,429,A형,S1,1303
1686,416,433,C형,S2,1445
1687,416,428,B형,S1,635
1688,416,427,A형,S2,718
1689,417,426,D형,S1,597
1690,417,426,D형,S2,1409
1691,417,428,A형,S2,461
1692,417,428,B형,S1,1570
1693,418,434,B형,S3,628
1694,418,431,A형,S1,1678
1695,418,431,B형,S1,1927
1696,419,434,A형,S1,1250
1697,419,432,C형,S1,86
1698,420,436,A형,S1,1701
1699,420,433,D형,S1,1525
1700,420,432,A형,S1,1334
1701,420,435,A형,S3,1809
1702,420,438,A형,S1,1858
1703,420,428,D형,S3,923
1704,421,432,C형,S2,1798
1705,422,431,A형,S1,1062
1706,422,434,B형,S1,134
1707,422,440,B형,S3,1056
1708,422,436,B형,S1,571
1709,422,435,A형,S2,1483
1710,422,436,D형,S2,808
1711,422,439,A형,S1,1484
1712,423,431,C형,S1,541
1713,423,436,A형,S1,1694
1714,423,437,B형,S1,394
1715,423,430,B형,S2,449
1716,423,439,B형,S2,1753
1717,423,442,B형,S1,1482
1718,424,436,B형,S2,98
1719,424,434,A형,S1,923
1720,424,432,A형,S2,404
1721,425,441,D형,S1,1777
1722,425,436,A형,S1,1532
1723,425,441,B형,S1,1549
1724,425,439,A형,S3,485
1725,425,442,B형,S3,1459
1726,425,439,D형,S1,553
1727,425,443,B형,S2,1236
1728,426,441,A형,S1,1936
1729,426,441,A형,S1,1601
1730,426,446,A형,S3,1537
1731,427,438,A형,S1,353
1732,427,439,A형,S2,924
1733,427,438,A형,S3,1165
1734,427,434,D형,S1,315
1735,428,443,A형,S3,1280
1736,428,442,B형,S2,574
1737,428,441,A형,S1,1988
1738,428,438,A형,S1,1963
1739,428,436,C형,S1,1070
1740,429,441,A형,S1,1592
1741,429,445,A형,S1,1914
1742,430,441,C형,S1,186
1743,430,440,A형,S1,429
1744,430,450,A형,S1,1428
1745,430,441,D형,S1,421
1746,430,438,A형,S2,783
1747,430,443,C형,S2,1785
1748,431,443,A형,S2,1453
1749,431,441,B형,S2,931
1750,431,440,A형,S3,626
1751,432,446,A형,S2,865
1752,432,439,D형,S1,303
1753,432,442,D형,S1,1698
1754,433,443,A형,S2,88
1755,433,447,C형,S2,304
1756,433,444,A형,S1,626
1757,433,444,A형,S2,822
1758,434,450,A형,S3,1727
1759,434,446,B형,S2,1505
1760,434,446,C형,S1,1787
1761,434,451,C형,S3,1390
1762,434,448,C형,S1,1382
1763,434,441,B형,S1,471
1764,434,450,A형,S1,1508
1765,434,449,A형,S3,887
1766,435,449,B형,S1,429
1767,435,453,D형,S2,1694
1768,436,445,B형,S1,740
1769,436,450,B형,S1,1941
1770,436,452,D형,S1,1803
1771,436,447,D형,S1,1650
1772,436,451,C형,S1,1973
1773,436,445,B형,S1,607
1774,437,450,A형,S2,913
1775,437,447,C형,S2,429
1776,437,453,B형,S1,1563
1777,437,447,C형,S3,819
1778,437,458,A형,S3,1870
1779,438,451,D형,S1,354
1780,438,454,A형,S1,1994
1781,438,449,C형,S1,423
1782,439,448,D형,S1,626
1783,439,456,A형,S1,1920
1784,439,455,D형,S1,1325
1785,439,453,B형,S3,965
1786,439,452,B형,S2,810
1787,440,449,A형,S1,600
1788,440,449,A형,S2,956
1789,440,454,A형,S1,473
1790,440,456,B형,S3,950
1791,441,453,B형,S2,1158
1792,441,451,C형,S2,593
1793,441,448,C형,S1,745
1794,441,455,A형,S1,87
1795,441,454,A형,S2,1781
1796,441,452,C형,S1,1544
1797,442,455,D형,S1,1973
1798,442,460,A형,S1,1407
1799,443,457,B형,S3,1998
1800,443,457,A형,S1,1689
1801,443,455,D형,S3,411
1802,443,451,A형,S2,348
1803,443,457,D형,S3,1329
1804,443,454,C형,S1,512
1805,444,456,A형,S2,1506
1806,444,457,C형,S2,1212
1807,444,458,B형,S1,1965
1808,444,459,B형,S3,1876
1809,445,464,B형,S1,1671
1810,445,458,D형,S1,969
1811,445,462,B형,S1,1401
1812,446,461,C형,S3,441
1813,446,462,B형,S2,1841
1814,446,461,B형,S1,1209
1815,447,464,D형,S1,1246
1816,447,457,A형,S1,1917
1817,447,456,D형,S1,940
1818,447,463,D형,S3,1742
1819,447,462,C형,S3,1496
1820,448,462,B형,S2,1802
1821,449,463,B형,S1,322
1822,450,460,D형,S1,850
1823,450,460,B형,S2,1225
1824,450,460,C형,S3,561
1825,450,464,C형,S1,768
1826,451,463,D형,S1,1747
1827,451,467,B형,S2,1763
1828,451,467,C형,S1,1586
1829,451,464,A형,S3,505
1830,451,467,A형,S1,1710
1831,451,463,A형,S3,219
1832,452,465,C형,S1,812
1833,452,460,B형,S1,237
1834,452,466,D형,S1,608
1835,452,463,A형,S2,1568
1836,452,464,A형,S3,518
1837,452,463,C형,S1,1001
1838,453,468,B형,S3,1747
1839,453,464,A형,S3,573
1840,453,472,C형,S3,1842
1841,453,461,A형,S1,1173
1842,454,466,D형,S1,765
1843,454,470,A형,S1,1279
1844,454,464,D형,S1,1755
1845,455,468,B형,S1,686
1846,455,465,D형,S1,793
1847,456,465,A형,S3,202
1848,456,470,D형,S1,923
1849,457,469,A형,S1,694
1850,457,470,B형,S1,1154
1851,458,472,B형,S1,1263
1852,458,472,B형,S2,481
1853,458,472,C형,S2,710
1854,458,468,C형,S2,571
1855,458,472,A형,S1,213
1856,459,471,A형,S3,569
1857,459,475,C형,S1,1377
1858,459,470,B형,S1,557
1859,459,471,B형,S2,859
1860,459,467,B형,S3,1055
1861,460,469,D형,S3,69
1862,460,471,A형,S3,245
1863,460,467,D형,S1,145
1864,461,475,A형,S3,1571
1865,462,478,C형,S3,622
1866,462,471,D형,S1,390
1867,462,474,A형,S3,378
1868,463,472,C형,S3,915
1869,463,477,A형,S2,254
1870,463,474,A형,S2,1301
1871,463,481,B형,S3,1426
1872,464,477,C형,S3,319
1873,464,477,A형,S2,1972
1874,464,476,D형,S1,847
1875,464,480,A형,S1,1678
1876,464,471,A형,S1,1148
1877,464,482,A형,S1,1750
1878,465,478,B형,S1,1123
1879,465,476,A형,S2,670
1880,465,483,A형,S3,1790
1881,465,485,A형,S3,1801
1882,466,485,A형,S1,1580
1883,466,484,C형,S2,1358
1884,466,474,B형,S1,285
1885,467,489,C형,S3,1541
1886,467,481,B형,S1,1674
1887,467,481,A형,S1,1314
1888,467,478,A형,S1,1122
1889,467,484,A형,S1,1336
1890,467,485,D형,S2,1372
1891,468,478,B형,S1,265
1892,468,482,A형,S2,361
1893,468,477,A형,S3,593
1894,469,476,D형,S1,970
1895,469,483,C형,S1,810
1896,469,492,C형,S3,1414
1897,469,483,C형,S1,1238
1898,469,488,A형,S3,1605
1899,470,480,C형,S2,461
1900,470,487,A형,S1,1621
1901,470,480,C형,S1,485
1902,470,480,A형,S2,473
1903,470,485,C형,S1,1834
1904,472,488,A형,S3,1673
1905,472,485,B형,S3,254
1906,472,480,C형,S2,1158
1907,472,487,D형,S3,1906
1908,472,490,A형,S2,1353
1909,473,483,A형,S3,1138
1910,473,487,A형,S1,1710
1911,474,492,C형,S1,1212
1912,474,485,D형,S2,840
1913,475,489,A형,S1,1833
1914,475,490,A형,S1,1843
1915,475,486,A형,S1,1853
1916,476,485,D형,S1,1768
1917,476,489,A형,S1,557
1918,476,488,A형,S2,1625
1919,476,488,C형,S2,675
1920,477,484,D형,S2,790
1921,478,492,C형,S3,1179
1922,478,485,A형,S1,1080
1923,478,493,B형,S1,1769
1924,478,492,B형,S3,387
1925,479,491,D형,S1,1216
1926,479,489,C형,S2,1530
1927,479,487,A형,S2,906
1928,479,491,B형,S2,1787
1929,479,490,C형,S2,1515
1930,479,491,B형,S2,363
1931,480,487,C형,S1,345
1932,480,491,D형,S1,1502
1933,480,488,D형,S3,785
1934,480,500,C형,S3,1403
1935,480,491,B형,S2,1533
1936,481,495,A형,S2,121
1937,481,501,A형,S1,1427
1938,481,494,A형,S1,1838
1939,481,492,B형,S2,1661
1940,481,492,C형,S2,984
1941,481,489,D형,S1,977
1942,481,494,D형,S1,574
1943,481,499,A형,S3,1021
1944,482,499,A형,S3,108
1945,482,491,A형,S1,425
1946,483,500,B형,S3,1574
1947,483,500,D형,S3,657
1948,483,493,C형,S1,708
1949,483,499,B형,S3,1411
1950,483,490,A형,S1,1051
1951,483,490,C형,S1,918
1952,483,495,D형,S1,429
1953,483,491,C형,S2,713
1954,483,497,A형,S2,1233
1955,484,495,B형,S2,1247
1956,484,496,B형,S1,824
1957,484,496,D형,S2,1376
1958,485,498,A형,S1,1622
1959,485,493,B형,S1,231
1960,485,504,A형,S2,1349
1961,485,499,A형,S1,1448
1962,485,505,A형,S3,1457
1963,485,499,C형,S2,607
1964,485,495,C형,S2,539
1965,486,493,B형,S1,903
1966,486,494,B형,S1,174
1967,487,498,A형,S1,644
1968,488,501,C형,S1,1765
1969,488,502,B형,S1,1677
1970,489,506,A형,S2,1874
1971,490,504,B형,S2,104
1972,490,506,D형,S3,1304
1973,490,502,A형,S1,159
1974,490,505,D형,S1,1847
1975,490,499,A형,S1,1059
1976,490,508,A형,S3,1427
1977,491,504,D형,S1,504
1978,491,505,D형,S2,1231
1979,491,509,A형,S2,1695
1980,492,505,C형,S1,867
1981,492,514,B형,S3,1594
1982,493,507,B형,S3,743
1983,493,505,C형,S1,490
1984,493,507,B형,S1,1004
1985,493,506,A형,S2,1382
1986,493,504,B형,S2,483
1987,493,500,C형,S2,1067
1988,493,507,B형,S2,883
1989,494,512,B형,S3,1723
1990,494,501,C형,S2,1039
1991,494,507,A형,S1,81
1992,494,501,A형,S2,110
1993,494,507,A형,S1,1040
1994,494,503,B형,S3,817
1995,494,506,B형,S1,184
1996,495,509,C형,S1,604
1997,495,510,D형,S3,719
1998,495,510,A형,S1,1286
1999,495,511,B형,S3,455
2000,495,513,B형,S2,1632
2001,495,510,B형,S2,1393
2002,495,509,D형,S2,1248
2003,495,513,B형,S3,1435
2004,495,516,A형,S3,1344
2005,496,503,C형,S2,240
2006,496,511,A형,S1,1247
2007,496,508,B형,S1,446
2008,496,506,A형,S1,549
2009,496,510,B형,S1,1593
2010,496,504,B형,S1,783
2011,497,513,B형,S1,1580
2012,497,513,B형,S1,1696
2013,497,505,B형,S1,536
2014,497,511,C형,S1,1894
2015,497,507,A형,S1,919
2016,497,506,C형,S2,403
2017,498,509,B형,S1,603
2018,498,510,C형,S1,70
2019,499,510,B형,S1,384
2020,499,517,A형,S2,1924
2021,500,510,D형,S1,339
2022,500,519,C형,S1,1726
2023,500,519,D형,S3,1335
2024,500,511,B형,S1,1234
2025,501,521,D형,S3,1769
2026,501,514,D형,S1,1642
2027,501,508,B형,S1,1059
2028,501,518,D형,S2,1208
2029,501,513,C형,S1,1979
2030,501,517,A형,S3,1814
2031,502,512,A형,S1,705
2032,502,517,B형,S3,524
2033,505,515,B형,S2,121
2034,505,519,C형,S2,916
2035,505,520,B형,S1,1261
2036,505,521,D형,S3,1357
2037,505,518,C형,S2,1994
2038,505,512,A형,S1,470
2039,506,519,A형,S1,1020
2040,506,517,D형,S1,1443
2041,506,521,C형,S3,231
2042,506,518,A형,S3,561
2043,507,525,B형,S1,1485
2044,507,518,A형,S2,1434
2045,508,522,B형,S2,443
2046,508,524,D형,S1,1618
2047,508,521,A형,S1,1754
2048,508,519,C형,S2,877
2049,508,522,B형,S1,692
2050,508,522,D형,S2,1980
2051,509,520,D형,S1,562
2052,509,527,A형,S2,1281
2053,509,520,B형,S1,758
2054,509,525,D형,S3,1525
2055,510,524,A형,S1,1262
2056,510,524,C형,S2,90
2057,510,520,A형,S2,154
2058,510,523,A형,S1,269
2059,511,526,A형,S3,1980
2060,511,526,A형,S1,1437
2061,511,525,D형,S1,685
2062,511,527,A형,S1,1889
2063,512,519,B형,S2,638
2064,512,528,B형,S2,1275
2065,512,519,C형,S2,992
2066,512,527,D형,S3,1830
2067,512,522,B형,S1,989
2068,513,525,D형,S2,165
2069,513,524,A형,S1,823
2070,513,529,C형,S2,1788
2071,514,527,A형,S2,819
2072,515,528,D형,S1,1760
2073,515,529,B형,S1,108
2074,515,531,A형,S1,1276
2075,515,525,D형,S1,340
2076,515,526,B형,S1,887
2077,515,522,B형,S1,1099
2078,515,526,A형,S2,1424
2079,515,533,D형,S1,1468
2080,515,529,B형,S3,525
2081,515,531,D형,S1,1412
2082,516,531,A형,S1,1351
2083,516,529,C형,S1,79
2084,516,537,B형,S3,1403
2085,516,529,B형,S2,1866
2086,516,532,B형,S3,1102
2087,516,523,C형,S1,426
2088,517,527,D형,S3,557
2089,517,536,A형,S1,1552
2090,517,530,D형,S3,54
2091,518,528,A형,S1,378
2092,518,534,A형,S3,431
2093,519,527,A형,S2,511
2094,519,531,A형,S2,1675
2095,520,532,C형,S1,288
2096,520,533,B형,S1,463
2097,520,531,B형,S1,1775
2098,520,532,C형,S1,194
2099,520,528,D형,S2,629
2100,520,534,B형,S1,530
2101,520,532,C형,S1,1601
2102,520,529,D형,S1,1062
2103,521,535,A형,S1,344
2104,521,533,D형,S1,1193
2105,521,535,A형,S1,1815
2106,522,537,A형,S3,1760
2107,522,534,C형,S2,1858
2108,522,539,A형,S2,1716
2109,522,536,A형,S1,1734
2110,523,542,B형,S2,1939
2111,523,542,A형,S3,1234
2112,523,539,B형,S3,1774
2113,524,531,B형,S2,680
2114,524,532,A형,S2,928
2115,524,534,B형,S3,698
2116,524,537,B형,S1,326
2117,524,536,A형,S2,166
2118,525,539,C형,S2,1913
2119,525,537,B형,S2,1372
2120,525,536,A형,S1,496
2121,525,536,D형,S1,705
2122,525,543,B형,S1,1263
2123,525,536,A형,S2,314
2124,525,538,A형,S1,565
2125,526,538,A형,S3,225
2126,526,543,A형,S1,1642
2127,526,542,A형,S3,802
2128,526,533,A형,S1,441
2129,526,533,A형,S1,425
2130,526,540,C형,S1,870
2131,527,540,A형,S1,1395
2132,527,537,A형,S1,478
2133,528,542,A형,S1,442
2134,528,542,A형,S1,1728
2135,529,545,A형,S3,50
2136,529,540,B형,S1,1257
2137,529,542,D형,S2,79
2138,529,540,C형,S2,1280
2139,529,541,B형,S1,573
2140,529,540,C형,S3,663
2141,529,543,C형,S1,1025
2142,529,540,B형,S1,394
2143,530,547,C형,S1,1476
2144,530,546,B형,S1,1721
2145,531,545,C형,S1,882
2146,531,542,B형,S2,1540
2147,531,550,C형,S2,1547
2148,531,549,C형,S1,1482
2149,531,545,A형,S3,1538
2150,531,540,C형,S2,1994
2151,532,543,A형,S2,503
2152,532,546,B형,S3,1141
2153,532,547,B형,S2,1904
2154,532,545,C형,S1,398
2155,532,541,A형,S2,725
2156,532,550,C형,S3,1238
2157,533,540,A형,S1,218
2158,533,545,A형,S2,610
2159,533,544,A형,S1,654
2160,533,546,B형,S3,1050
2161,533,547,A형,S1,1125
2162,534,545,C형,S3,945
2163,534,547,A형,S1,1639
2164,535,545,A형,S2,1148
2165,535,551,A형,S2,1499
2166,535,550,A형,S2,1846
2167,535,545,D형,S1,1156
2168,536,552,D형,S1,1629
2169,536,547,D형,S1,958
2170,536,547,A형,S1,859
2171,537,545,C형,S1,138
2172,537,553,A형,S1,1643
2173,537,547,A형,S3,219
2174,537,553,C형,S2,1728
2175,537,545,A형,S1,357
2176,537,555,A형,S1,1559
2177,537,546,D형,S1,1962
2178,537,551,B형,S1,1125
2179,538,549,C형,S2,1543
2180,538,552,B형,S2,1803
2181,539,551,A형,S2,1689
2182,540,549,B형,S3,1009
2183,540,555,A형,S3,1832
2184,540,555,A형,S3,256
2185,540,549,A형,S1,243
2186,541,550,B형,S2,580
2187,541,559,A형,S1,1990
2188,541,554,A형,S3,1332
2189,542,555,D형,S1,415
2190,542,554,C형,S3,789
2191,542,554,C형,S1,73
2192,542,555,A형,S2,874
2193,542,561,C형,S2,1221
2194,543,551,C형,S3,834
2195,543,554,B형,S2,1028
2196,543,554,A형,S3,424
2197,543,553,A형,S2,185
2198,543,553,B형,S2,232
2199,543,559,A형,S3,1374
2200,544,551,D형,S1,145
2201,544,558,B형,S3,415
2202,544,558,C형,S2,1361
2203,544,554,D형,S2,1598
2204,544,557,B형,S2,682
2205,545,559,A형,S1,1008
2206,545,552,A형,S2,940
2207,546,563,D형,S3,1536
2208,546,558,A형,S1,1873
2209,546,561,A형,S3,1677
2210,546,561,B형,S1,1271
2211,547,562,D형,S2,1511
2212,547,563,C형,S2,1630
2213,547,564,C형,S1,1717
2214,547,562,C형,S1,1536
2215,547,561,B형,S2,1450
2216,547,562,A형,S2,1909
2217,547,557,B형,S1,762
2218,547,554,A형,S1,180
2219,548,559,C형,S3,1020
2220,548,557,A형,S2,799
2221,548,556,A형,S3,129
2222,548,566,D형,S3,1901
2223,548,559,A형,S1,1955
2224,548,558,B형,S2,955
2225,549,566,A형,S1,1476
2226,549,565,D형,S1,1898
2227,549,556,A형,S1,977
2228,549,562,C형,S2,410
2229,549,565,C형,S3,271
2230,550,561,A형,S1,167
2231,550,564,A형,S1,178
2232,550,560,A형,S2,1796
2233,550,563,A형,S2,1422
2234,550,560,C형,S1,851
2235,550,567,B형,S2,1923
2236,551,565,D형,S2,1041
2237,551,565,B형,S2,781
2238,551,562,B형,S1,1875
2239,551,564,A형,S2,1460
2240,551,564,A형,S1,477
2241,551,574,D형,S3,1410
2242,552,565,D형,S2,1937
2243,552,568,B형,S3,814
2244,552,568,C형,S3,823
2245,552,564,C형,S1,1097
2246,552,560,A형,S1,532
2247,552,566,A형,S2,1879
2248,553,565,C형,S1,505
2249,553,571,D형,S3,1622
2250,553,566,D형,S2,1060
2251,553,573,B형,S1,1333
2252,553,560,A형,S2,960
2253,554,568,A형,S1,1394
2254,554,573,A형,S2,1777
2255,554,569,D형,S3,1141
2256,554,561,A형,S1,149
2257,555,574,C형,S3,1480
2258,555,562,A형,S1,135
2259,555,564,D형,S1,1142
2260,555,572,B형,S3,347
2261,555,564,C형,S2,1655
2262,555,570,B형,S1,1231
2263,555,570,C형,S3,1305
2264,555,565,A형,S1,1573
2265,555,566,A형,S2,529
2266,556,568,B형,S2,985
2267,556,568,D형,S3,436
2268,556,572,D형,S1,1246
2269,557,564,C형,S1,843
2270,557,575,B형,S1,1302
2271,557,577,A형,S1,1232
2272,557,571,D형,S2,87
2273,557,573,C형,S3,447
2274,557,574,B형,S3,530
2275,557,567,C형,S1,793
2276,557,570,A형,S2,1995
2277,557,570,B형,S3,970
2278,558,571,C형,S1,695
2279,558,567,C형,S2,1703
2280,558,572,A형,S1,1895
2281,559,572,C형,S3,622
2282,559,568,D형,S2,1009
2283,560,574,B형,S3,312
2284,560,572,A형,S1,483
2285,560,572,D형,S2,1087
2286,560,569,A형,S1,54
2287,560,574,A형,S1,1455
2288,560,570,D형,S1,474
2289,560,573,B형,S2,1045
2290,560,567,A형,S2,676
2291,560,570,C형,S2,523
2292,561,569,B형,S1,906
2293,561,580,A형,S2,1380
2294,561,572,A형,S1,921
2295,561,579,C형,S3,1417
2296,561,576,C형,S3,1119
2297,561,573,A형,S1,1514
2298,562,575,B형,S2,974
2299,562,576,C형,S1,1219
2300,562,570,A형,S2,114
2301,563,573,A형,S1,388
2302,563,576,B형,S3,570
2303,563,575,D형,S1,1172
2304,563,576,C형,S1,1925
2305,563,571,A형,S1,299
2306,563,574,C형,S3,103
2307,564,579,C형,S1,1307
2308,564,575,A형,S1,1481
2309,564,584,A형,S3,1769
2310,565,577,A형,S2,978
2311,565,581,B형,S1,1560
2312,565,583,B형,S1,1428
2313,565,572,A형,S1,105
2314,566,573,D형,S1,698
2315,566,579,C형,S3,1440
2316,566,575,B형,S2,771
2317,566,578,D형,S3,1194
2318,567,580,C형,S3,1057
2319,568,579,D형,S3,1316
2320,568,581,C형,S1,1823
2321,568,585,B형,S1,1734
2322,568,578,C형,S2,690
2323,569,579,C형,S2,929
2324,570,586,C형,S3,217
2325,570,586,D형,S3,1614
2326,571,578,A형,S1,124
2327,571,579,B형,S2,923
2328,571,591,A형,S1,1769
2329,573,586,D형,S2,1860
2330,573,582,D형,S1,661
2331,574,594,B형,S3,1916
2332,574,587,B형,S2,283
2333,574,593,A형,S1,1451
2334,574,590,D형,S1,1213
2335,574,590,C형,S1,1621
2336,574,590,D형,S2,1697
2337,576,587,B형,S3,901
2338,576,594,B형,S3,1219
2339,576,589,C형,S2,1491
2340,576,588,D형,S1,345
2341,576,591,C형,S3,1244
2342,577,587,A형,S3,841
2343,577,586,B형,S1,764
2344,577,587,D형,S2,569
2345,577,591,B형,S2,959
2346,577,589,C형,S2,82
2347,577,597,B형,S2,1240
2348,577,589,C형,S1,1933
2349,577,589,A형,S1,980
2350,578,590,A형,S1,945
2351,578,588,A형,S2,949
2352,578,589,B형,S1,312
2353,578,587,B형,S1,1103
2354,578,592,D형,S1,1775
2355,578,597,D형,S1,1760
2356,578,594,A형,S1,1971
2357,579,589,C형,S1,376
2358,579,590,B형,S1,1641
2359,579,586,C형,S1,1029
2360,579,590,B형,S2,544
2361,579,593,C형,S1,1534
2362,579,586,A형,S2,421
2363,580,589,B형,S2,950
2364,580,593,A형,S1,1073
2365,580,593,A형,S1,1132
2366,580,593,A형,S1,1187
2367,581,592,B형,S1,235
2368,581,597,B형,S2,1762
2369,581,588,B형,S1,422
2370,581,599,C형,S1,1936
2371,581,596,C형,S2,1920
2372,581,594,D형,S1,1825
2373,582,597,C형,S3,629
2374,582,591,A형,S1,717
2375,582,597,B형,S1,1568
2376,582,595,B형,S2,1191
2377,582,595,A형,S1,1964
2378,583,592,A형,S3,291
2379,583,599,A형,S3,1205
2380,583,597,B형,S3,1061
2381,584,601,A형,S3,1869
2382,584,591,B형,S1,188
2383,584,593,B형,S1,890
2384,584,596,A형,S1,267
2385,584,602,A형,S1,1528
2386,584,595,D형,S1,287
2387,585,597,B형,S2,1950
2388,585,597,A형,S2,637
2389,585,596,B형,S2,905
2390,585,594,C형,S3,653
2391,585,594,A형,S2,707
2392,585,602,B형,S3,1424
2393,585,594,A형,S1,764
2394,586,598,B형,S1,198
2395,586,599,C형,S1,343
2396,586,600,A형,S3,266
2397,586,601,A형,S1,1971
2398,586,603,A형,S1,1329
2399,587,597,B형,S1,1883
2400,587,600,A형,S1,1361
2401,587,604,B형,S3,1398
2402,587,599,C형,S1,1435
2403,588,601,C형,S3,1778
2404,588,599,C형,S3,1454
2405,588,596,A형,S2,940
2406,588,608,B형,S3,1342
2407,589,601,A형,S1,818
2408,589,599,B형,S1,1127
2409,589,597,A형,S1,321
2410,589,605,A형,S1,1495
2411,589,604,D형,S3,110
2412,589,602,D형,S1,208
2413,589,599,A형,S2,529
2414,589,596,C형,S1,463
2415,590,608,A형,S2,1532
2416,590,605,A형,S1,1495
2417,591,599,D형,S2,501
2418,591,604,D형,S1,425
2419,591,602,B형,S1,724
2420,591,605,C형,S1,1084
2421,591,605,B형,S1,1442
2422,592,601,C형,S3,557
2423,592,609,A형,S3,1408
2424,592,599,A형,S1,890
2425,593,606,A형,S3,201
2426,593,608,B형,S2,1676
2427,593,607,B형,S1,687
2428,593,608,D형,S1,1338
2429,594,608,A형,S3,600
2430,594,601,C형,S1,918
2431,594,610,D형,S3,1319
2432,594,608,C형,S2,583
2433,594,607,A형,S3,200
2434,595,611,A형,S2,1619
2435,595,608,A형,S1,213
2436,595,607,A형,S2,1331
2437,595,608,C형,S1,1217
2438,595,607,A형,S1,907
2439,595,604,B형,S3,377
2440,596,614,A형,S3,1745
2441,596,608,C형,S3,806
2442,596,606,A형,S2,1400
2443,596,610,C형,S2,1695
2444,596,611,B형,S1,1962
2445,596,607,A형,S3,1599
2446,596,611,C형,S2,1345
2447,596,614,A형,S2,1947
2448,597,614,B형,S2,1804
2449,597,610,B형,S3,113
2450,597,606,A형,S1,1123
2451,598,609,B형,S1,661
2452,598,615,C형,S3,1434
2453,598,607,D형,S1,294
2454,599,610,C형,S1,1692
2455,599,608,B형,S1,1939
2456,599,607,D형,S1,226
2457,600,619,A형,S1,1518
2458,600,612,D형,S3,974
2459,600,610,A형,S2,1982
2460,600,611,D형,S2,1230
2461,601,618,C형,S1,1901
2462,601,608,B형,S1,162
2463,601,615,C형,S1,1229
2464,601,619,D형,S1,1588
2465,601,609,A형,S1,158
2466,601,613,B형,S1,1445
2467,602,616,A형,S1,1693
2468,602,614,C형,S2,1875
2469,602,610,A형,S1,1109
2470,602,613,C형,S3,775
2471,602,615,A형,S1,1696
2472,602,612,B형,S1,964
2473,602,615,D형,S1,676
2474,603,621,A형,S3,1828
2475,603,620,D형,S1,1570
2476,603,613,B형,S3,852
2477,603,611,A형,S2,132
2478,604,614,D형,S1,1676
2479,604,612,A형,S1,482
2480,604,611,B형,S1,871
2481,604,611,D형,S1,138
2482,604,614,D형,S2,708
2483,604,621,B형,S1,1815
2484,605,620,A형,S3,590
2485,605,613,B형,S1,186
2486,605,618,A형,S2,466
2487,605,614,A형,S1,394
2488,605,619,A형,S3,891
2489,605,619,A형,S1,351
2490,606,621,A형,S3,365
2491,606,618,C형,S1,551
2492,606,616,A형,S1,1664
2493,606,614,B형,S1,597
2494,606,621,B형,S1,1950
2495,606,623,C형,S1,1509
2496,606,617,B형,S3,240
2497,607,623,B형,S3,783
2498,607,616,C형,S1,156
2499,607,618,B형,S2,403
2500,608,621,D형,S1,57
2501,608,615,B형,S1,755
2502,608,622,D형,S2,1867
2503,608,621,D형,S2,1952
2504,608,623,C형,S3,193
2505,609,623,A형,S3,674
2506,609,621,B형,S1,1376
2507,609,625,A형,S2,1511
2508,609,627,C형,S3,642
2509,610,617,B형,S2,1002
2510,611,623,C형,S2,436
2511,611,624,A형,S2,1083
2512,611,623,A형,S2,530
2513,612,621,B형,S1,387
2514,613,632,C형,S2,1394
2515,613,621,A형,S3,347
2516,613,627,A형,S1,85
2517,613,620,A형,S1,965
2518,613,623,A형,S1,1736
2519,614,630,A형,S3,764
2520,614,623,A형,S1,1157
2521,614,627,A형,S1,416
2522,614,628,A형,S2,509
2523,614,621,A형,S1,374
2524,614,630,A형,S3,456
2525,615,627,B형,S2,1233
2526,615,634,C형,S1,1326
2527,615,623,C형,S1,675
2528,615,628,B형,S1,1277
2529,616,628,B형,S1,807
2530,616,630,A형,S1,670
2531,616,627,A형,S1,367
2532,616,629,A형,S3,701
2533,616,626,D형,S3,672
2534,616,629,C형,S2,953
2535,617,635,B형,S2,1688
2536,617,637,B형,S3,1825
2537,617,627,C형,S3,513
2538,618,629,C형,S1,1099
2539,618,629,A형,S3,283
2540,618,634,C형,S1,1688
2541,618,628,B형,S1,704
2542,618,633,A형,S2,1299
2543,618,633,A형,S1,1805
2544,618,628,A형,S3,1146
2545,619,635,B형,S3,1823
2546,619,626,D형,S1,1004
2547,620,633,C형,S2,1893
2548,620,640,A형,S3,1377
2549,621,636,A형,S2,1273
2550,621,633,A형,S2,1008
2551,621,638,A형,S2,1951
2552,621,632,A형,S2,1465
2553,621,633,C형,S2,1180
2554,622,633,A형,S2,405
2555,622,644,B형,S3,1676
2556,623,631,A형,S1,678
2557,623,634,D형,S1,229
2558,623,642,B형,S1,1752
2559,623,633,A형,S1,1388
2560,623,632,C형,S1,820
2561,624,632,A형,S3,1097
2562,624,637,B형,S1,1693
2563,624,631,A형,S2,591
2564,624,638,B형,S1,1879
2565,624,637,A형,S3,271
2566,625,639,A형,S1,1178
2567,625,639,A형,S1,1449
2568,625,637,D형,S1,248
2569,626,637,A형,S1,605
2570,626,646,A형,S1,1526
2571,626,639,B형,S1,1241
2572,626,638,A형,S1,1348
2573,627,640,A형,S1,1351
2574,627,638,B형,S3,617
2575,627,639,B형,S1,104
2576,627,646,B형,S1,1732
2577,627,634,B형,S2,287
2578,628,638,C형,S1,991
2579,628,647,C형,S2,1753
2580,629,637,A형,S1,161
2581,629,646,A형,S1,1444
2582,629,638,B형,S2,182
2583,629,639,B형,S1,277
2584,629,642,C형,S3,495
2585,630,644,A형,S1,753
2586,630,648,B형,S1,1239
2587,630,641,A형,S1,749
2588,630,645,A형,S1,1639
2589,631,642,D형,S1,202
2590,631,643,A형,S2,243
2591,631,645,C형,S1,509
2592,632,648,D형,S3,93
2593,632,639,D형,S1,555
2594,632,650,A형,S3,1263
2595,632,642,A형,S1,1364
2596,632,646,A형,S1,848
2597,632,644,A형,S3,667
2598,632,641,D형,S2,911
2599,632,647,B형,S3,1142
2600,633,648,A형,S2,1650
2601,633,647,A형,S1,343
2602,634,651,C형,S2,1842
2603,634,647,B형,S2,803
2604,634,653,A형,S1,1936
2605,634,647,B형,S1,651
2606,634,650,A형,S3,1569
2607,635,649,A형,S2,954
2608,636,652,A형,S3,56
2609,636,643,D형,S1,118
2610,636,652,B형,S3,343
2611,637,654,B형,S1,1211
2612,637,646,A형,S1,1195
2613,637,651,B형,S1,371
2614,637,651,B형,S1,1912
2615,637,649,C형,S1,692
2616,637,646,D형,S3,208
2617,637,649,A형,S3,1144
2618,638,645,A형,S1,1054
2619,638,649,B형,S2,273
2620,638,650,A형,S3,823
2621,639,654,C형,S1,1287
2622,639,652,B형,S2,843
2623,640,652,B형,S1,759
2624,640,648,B형,S1,573
2625,640,651,B형,S1,821
2626,640,649,B형,S3,577
2627,640,651,A형,S1,424
2628,640,648,C형,S1,514
2629,641,654,A형,S3,281
2630,641,654,D형,S1,251
2631,641,650,A형,S2,611
2632,642,656,A형,S2,1130
2633,642,649,B형,S1,204
2634,642,654,D형,S3,919
2635,643,658,B형,S1,1339
2636,643,660,B형,S1,1440
2637,643,651,B형,S1,966
2638,643,657,A형,S3,1297
2639,643,650,A형,S1,1140
2640,643,662,D형,S3,1907
2641,644,657,D형,S1,1705
2642,644,659,A형,S3,712
2643,645,658,D형,S1,151
2644,645,663,A형,S3,1770
2645,645,659,C형,S3,50
2646,645,658,A형,S2,800
2647,645,653,B형,S1,518
2648,645,665,B형,S3,1338
2649,645,659,B형,S3,88
2650,646,659,D형,S1,1619
2651,646,657,B형,S3,1254
2652,646,655,A형,S1,823
2653,646,659,A형,S1,50
2654,646,660,C형,S1,920
2655,647,661,A형,S2,1130
2656,647,662,A형,S1,1280
2657,647,655,A형,S1,799
2658,648,657,D형,S1,266
2659,648,656,B형,S3,405
2660,648,656,A형,S1,1086
2661,648,659,C형,S2,508
2662,648,658,B형,S1,235
2663,648,655,B형,S2,790
2664,649,659,D형,S1,488
2665,649,658,C형,S1,819
2666,649,666,B형,S1,1264
2667,649,660,D형,S2,373
2668,649,663,B형,S1,1945
2669,649,661,B형,S2,304
2670,649,664,D형,S1,1998
2671,650,665,D형,S3,760
2672,650,664,C형,S1,558
2673,650,663,B형,S1,1431
2674,650,661,B형,S2,335
2675,650,664,A형,S1,1265
2676,651,664,A형,S1,1061
2677,651,668,C형,S2,1674
2678,652,659,B형,S2,910
2679,652,662,D형,S3,505
2680,652,659,C형,S1,789
2681,652,662,B형,S2,277
2682,653,672,C형,S1,1548
2683,653,667,B형,S3,328
2684,653,668,C형,S2,1433
2685,653,661,B형,S3,795
2686,654,663,B형,S1,1145
2687,654,662,C형,S1,840
2688,654,666,A형,S2,1261
2689,654,673,D형,S1,1530
2690,654,664,D형,S3,1184
2691,655,664,C형,S2,1095
2692,655,667,B형,S2,1369
2693,655,667,B형,S1,938
2694,655,674,B형,S2,1859
2695,655,663,B형,S2,241
2696,656,669,A형,S1,1896
2697,657,668,C형,S1,523
2698,657,668,D형,S3,1960
2699,658,670,B형,S1,1213
2700,658,674,D형,S1,1726
2701,658,669,A형,S1,116
2702,659,667,D형,S2,254
2703,659,666,D형,S1,299
2704,659,667,C형,S1,930
2705,659,668,D형,S2,97
2706,659,677,C형,S3,1574
2707,660,675,C형,S2,1790
2708,660,674,B형,S3,623
2709,661,672,A형,S1,588
2710,661,678,A형,S1,1233
2711,661,677,C형,S1,1742
2712,661,668,A형,S1,157
2713,661,669,C형,S1,1051
2714,661,670,A형,S2,447
2715,662,669,C형,S1,1018
2716,662,673,D형,S1,830
2717,663,673,B형,S1,819
2718,663,676,A형,S3,186
2719,663,677,C형,S1,1797
2720,664,676,B형,S2,877
2721,664,678,D형,S1,1809
2722,664,674,A형,S3,498
2723,665,678,A형,S1,1698
2724,665,682,D형,S1,1730
2725,665,677,C형,S2,1561
2726,666,674,D형,S1,671
2727,666,681,B형,S1,1361
2728,666,674,C형,S1,792
2729,666,679,D형,S1,1938
2730,666,682,C형,S2,1613
2731,666,679,A형,S2,854
2732,667,679,A형,S2,1141
2733,667,682,A형,S2,1845
2734,667,678,A형,S1,147
2735,667,679,A형,S1,456
2736,667,677,B형,S1,474
2737,667,675,B형,S3,93
2738,667,682,D형,S1,1241
2739,668,688,B형,S1,1382
2740,668,682,A형,S1,438
2741,668,682,D형,S1,1501
2742,668,677,D형,S2,534
2743,668,680,D형,S2,1769
2744,668,680,A형,S2,1264
2745,668,677,B형,S2,973
2746,668,677,B형,S1,1014
2747,668,679,B형,S1,404
2748,669,682,A형,S1,574
2749,669,676,D형,S1,688
2750,669,678,B형,S2,1140
2751,670,678,A형,S2,979
2752,670,686,A형,S1,1285
2753,670,681,C형,S2,1591
2754,671,679,A형,S1,126
2755,671,689,C형,S2,1664
2756,671,682,A형,S2,584
2757,671,679,B형,S1,272
2758,671,680,A형,S2,650
2759,672,687,A형,S1,1545
2760,672,687,D형,S1,1763
2761,672,685,A형,S2,1526
2762,672,681,C형,S1,150
2763,672,690,D형,S3,249
2764,672,687,A형,S3,726
2765,673,683,A형,S3,70
2766,673,685,B형,S1,429
2767,673,686,A형,S3,553
2768,673,688,D형,S1,1405
2769,673,688,A형,S2,1235
2770,673,687,C형,S1,1631
2771,673,681,A형,S3,104
2772,674,681,A형,S1,162
2773,674,690,A형,S2,1458
2774,674,689,D형,S1,1733
2775,674,686,B형,S1,1299
2776,675,687,C형,S2,1407
2777,675,691,A형,S1,1943
2778,675,685,A형,S2,473
2779,675,688,D형,S2,1490
2780,675,693,B형,S1,1835
2781,676,696,C형,S2,1819
2782,676,690,B형,S1,621
2783,676,686,A형,S1,117
2784,676,693,D형,S2,1587
2785,676,689,A형,S2,310
2786,676,687,A형,S3,196
2787,677,689,B형,S3,1199
2788,677,691,A형,S1,939
2789,677,690,C형,S2,1471
2790,678,685,C형,S2,1036
2791,678,689,B형,S1,414
2792,678,689,B형,S2,1798
2793,679,688,B형,S1,906
2794,680,697,A형,S1,1681
2795,680,695,A형,S2,1296
2796,681,695,B형,S2,1115
2797,681,695,A형,S1,580
2798,682,697,A형,S3,150
2799,682,692,B형,S1,174
2800,682,696,B형,S2,888
2801,682,696,B형,S1,970
2802,682,696,A형,S3,781
2803,683,704,C형,S3,1706
2804,683,693,C형,S2,1991
2805,683,692,C형,S3,225
2806,683,698,C형,S2,1377
2807,683,695,A형,S2,1479
2808,684,697,C형,S2,839
2809,684,700,B형,S3,809
2810,684,694,A형,S1,761
2811,684,694,C형,S2,841
2812,684,699,B형,S1,1546
2813,684,697,B형,S1,1796
2814,685,695,B형,S1,236
2815,685,697,C형,S2,317
2816,685,695,C형,S2,1643
2817,685,701,B형,S3,303
2818,686,706,A형,S3,1358
2819,686,694,A형,S1,179
2820,686,694,D형,S1,898
2821,686,697,B형,S1,122
2822,687,698,B형,S2,1435
2823,687,700,A형,S1,1147
2824,687,698,B형,S3,825
2825,687,702,B형,S1,1403
2826,687,697,C형,S3,329
2827,688,701,D형,S2,1289
2828,688,698,B형,S2,863
2829,688,695,A형,S2,868
2830,688,700,A형,S3,150
2831,689,707,A형,S1,1693
2832,689,701,B형,S3,219
2833,689,701,D형,S3,653
2834,689,699,B형,S2,906
2835,689,707,C형,S2,1456
2836,689,699,C형,S1,1658
2837,690,701,A형,S1,244
2838,690,700,A형,S2,447
2839,690,702,B형,S1,780
2840,690,697,A형,S1,1026
2841,690,706,A형,S3,306
2842,691,704,C형,S3,1958
2843,691,704,C형,S1,605
2844,691,704,A형,S2,1663
2845,692,710,A형,S2,1556
2846,692,714,C형,S3,1808
2847,692,702,B형,S2,1808
2848,693,708,A형,S2,1366
2849,693,710,C형,S3,654
2850,693,707,C형,S1,1198
2851,693,704,D형,S2,403
2852,693,710,A형,S3,1184
2853,693,704,C형,S3,459
2854,693,713,B형,S3,1222
2855,694,708,A형,S1,1492
2856,694,704,B형,S2,956
2857,694,706,A형,S1,1562
2858,694,706,A형,S3,753
2859,694,707,A형,S2,1086
2860,694,706,C형,S1,515
2861,694,705,C형,S2,756
2862,694,708,A형,S1,177
2863,695,710,A형,S3,1876
2864,695,704,C형,S2,769
2865,695,707,B형,S1,1371
2866,695,713,A형,S2,1551
2867,695,708,D형,S1,1176
2868,696,710,B형,S1,1127
2869,697,713,B형,S1,1616
2870,698,712,B형,S1,369
2871,698,709,A형,S1,230
2872,698,713,B형,S1,1637
2873,699,714,C형,S1,1761
2874,699,710,C형,S1,130
2875,699,706,D형,S1,1096
2876,700,717,A형,S1,1865
2877,700,710,B형,S1,925
2878,700,716,A형,S1,1321
2879,700,711,A형,S2,769
2880,700,717,A형,S3,1134
2881,700,709,A형,S2,705
2882,701,708,A형,S1,854
2883,701,717,B형,S3,1601
2884,701,713,B형,S3,1658
2885,701,710,C형,S3,470
2886,701,712,C형,S2,63
2887,702,717,B형,S1,1913
2888,702,714,C형,S1,81
2889,702,712,B형,S1,1071
2890,702,710,A형,S1,1064
2891,702,722,B형,S2,1279
2892,702,715,B형,S1,629
2893,702,714,D형,S3,305
2894,703,714,C형,S2,833
2895,703,721,A형,S3,1942
2896,703,711,B형,S1,1096
2897,704,712,A형,S2,926
2898,704,713,B형,S3,135
2899,704,716,C형,S1,1860
2900,704,717,C형,S1,1966
2901,705,713,A형,S1,152
2902,705,721,B형,S2,1371
2903,706,716,A형,S1,1551
2904,706,720,C형,S1,242
2905,706,720,C형,S2,760
2906,706,727,C형,S3,1490
2907,706,720,B형,S1,1740
2908,706,715,B형,S3,1089
2909,706,717,A형,S1,625
2910,707,723,D형,S2,1389
2911,707,719,D형,S1,704
2912,707,719,A형,S2,1488
2913,707,715,B형,S1,78
2914,707,720,C형,S1,1983
2915,707,720,A형,S1,567
2916,708,722,A형,S3,280
2917,708,721,A형,S1,276
2918,708,720,C형,S3,1992
2919,708,719,A형,S2,1873
2920,708,720,B형,S3,979
2921,708,725,C형,S1,1544
2922,708,719,A형,S3,441
2923,709,727,C형,S1,1869
2924,709,723,B형,S1,778
2925,709,722,B형,S1,1208
2926,709,719,B형,S1,760
2927,709,716,B형,S1,253
2928,710,722,D형,S2,1795
2929,710,720,C형,S1,1551
2930,710,722,B형,S3,1072
2931,710,719,A형,S1,1998
2932,711,723,B형,S3,180
2933,711,718,D형,S1,887
2934,712,727,D형,S1,1444
2935,712,721,A형,S1,719
2936,713,727,B형,S1,1020
2937,713,727,B형,S1,396
2938,714,732,B형,S3,1638
2939,714,727,A형,S1,559
2940,715,728,A형,S1,140
2941,715,722,B형,S1,386
2942,715,734,C형,S2,1736
2943,715,722,C형,S1,1036
2944,716,730,C형,S2,1791
2945,716,732,C형,S3,1063
2946,716,726,A형,S1,66
2947,717,728,A형,S1,1614
2948,717,727,A형,S1,979
2949,717,729,A형,S3,266
2950,718,725,B형,S1,287
2951,718,731,B형,S3,196
2952,718,725,A형,S1,1082
2953,718,735,A형,S1,1372
2954,719,726,D형,S2,223
2955,719,733,D형,S2,1173
2956,719,730,B형,S1,1779
2957,720,731,A형,S2,1818
2958,720,727,B형,S1,408
2959,720,735,D형,S3,572
2960,720,733,B형,S2,1352
2961,721,736,C형,S3,1530
2962,721,731,C형,S2,1324
2963,721,733,D형,S2,1209
2964,722,737,C형,S3,675
2965,722,739,A형,S2,1856
2966,722,732,B형,S1,468
2967,722,737,D형,S2,1321
2968,723,734,A형,S1,1834
2969,723,736,A형,S2,1298
2970,723,739,A형,S3,127
2971,723,730,A형,S2,431
2972,723,737,A형,S3,545
2973,723,738,C형,S1,1876
2974,723,737,B형,S1,687
2975,723,735,C형,S1,501
2976,723,731,B형,S1,1189
2977,724,738,B형,S1,920
2978,724,733,C형,S1,769
2979,724,737,A형,S1,314
2980,724,736,B형,S2,267
2981,724,735,B형,S2,626
2982,724,736,C형,S2,1162
2983,724,731,C형,S2,96
2984,724,743,B형,S3,1461
2985,725,732,B형,S2,551
2986,725,744,A형,S1,1424
2987,725,734,B형,S1,1328
2988,725,739,C형,S1,1004
2989,725,735,B형,S1,1289
2990,726,734,C형,S3,648
2991,726,734,B형,S1,425
2992,726,738,B형,S3,70
2993,726,734,B형,S1,1124
2994,726,740,A형,S1,1088
2995,727,744,A형,S3,279
2996,727,736,A형,S2,1275
2997,728,740,B형,S3,502
2998,729,738,C형,S2,910
2999,729,742,C형,S3,968
3000,729,746,A형,S2,1920
