Rk,Player,Pos,Age,Tm,G,GS,MP,FG,FGA,FG%,3P,3PA,3P%,2P,2PA,2P%,eFG%,FT,FTA,FT%,ORB,DRB,TRB,AST,STL,BLK,TOV,PF,PTS
1,Joel Embiid\embiijo01,C,29,PHI,39,39,33.7,11.3,22.6,0.5,0.3,0.8,0.375,11.0,21.8,0.505,0.507,11.7,13.4,0.873,1.0,10.0,11.0,5.6,1.2,1.7,3.5,2.9,34.7
2,Luka Doncic\doncilu01,PG,24,DAL,70,70,37.5,12.0,25.0,0.48,3.6,10.1,0.356,8.4,14.9,0.564,0.552,6.3,8.0,0.787,1.0,8.8,9.8,9.8,1.4,0.5,4.0,2.5,33.9
3,Giannis Antetokounmpo\antetgi01,PF,29,MIL,73,73,35.2,11.8,20.1,0.587,0.9,2.7,0.333,10.9,17.4,0.626,0.609,6.8,9.8,0.694,2.2,9.3,11.5,6.5,1.2,1.1,3.4,3.2,30.4
4,Shai Gilgeous-Alexander\gilgesh01,PG,25,OKC,75,75,34.2,10.8,21.4,0.505,1.6,4.3,0.372,9.2,17.1,0.538,0.542,7.0,8.2,0.854,0.9,4.6,5.5,6.2,2.0,0.9,2.5,2.2,30.1
5,Kevin Durant\duranke01,SF,35,PHO,75,75,37.2,10.7,20.4,0.525,1.7,4.6,0.37,9.0,15.8,0.57,0.566,4.0,4.8,0.833,0.6,5.9,6.5,5.0,0.9,1.2,3.3,2.5,27.1
6,Devin Booker\bookede01,SG,27,PHO,68,68,36.0,10.0,21.4,0.467,2.7,6.9,0.391,7.3,14.5,0.503,0.53,4.3,5.0,0.86,0.5,4.0,4.5,6.9,1.0,0.4,3.6,2.3,27.1
7,Jayson Tatum\tatumja01,SF,25,BOS,74,74,35.7,9.7,20.7,0.469,3.2,8.3,0.386,6.5,12.4,0.524,0.546,4.3,5.2,0.827,1.2,6.9,8.1,4.9,1.1,0.6,2.7,2.0,26.9
8,Donovan Mitchell\mitchdo01,SG,27,CLE,55,55,35.4,9.5,21.0,0.452,2.7,7.1,0.38,6.8,13.9,0.489,0.517,5.0,6.0,0.833,0.6,3.9,4.5,6.1,1.7,0.3,3.2,2.3,26.6
9,Stephen Curry\curryst01,PG,35,GSW,74,74,32.7,8.8,19.5,0.451,5.0,12.1,0.413,3.8,7.4,0.514,0.579,3.8,4.3,0.884,0.4,3.7,4.1,5.1,0.7,0.3,2.8,1.8,26.4
10,Tyrese Haliburton\halibty01,PG,23,IND,69,69,33.0,8.9,19.2,0.464,3.5,8.9,0.393,5.4,10.3,0.524,0.555,4.0,4.7,0.851,0.7,3.3,4.0,10.9,1.4,0.6,2.6,1.8,20.1
11,Anthony Edwards\edwaran01,SG,22,MIN,79,79,35.4,9.9,21.7,0.456,3.3,8.4,0.393,6.6,13.3,0.496,0.532,2.9,3.6,0.806,0.7,4.7,5.4,5.1,1.3,0.5,3.1,2.3,25.9
12,Damian Lillard\lillada01,PG,33,MIL,73,73,35.4,8.8,20.1,0.438,4.4,11.1,0.396,4.4,9.0,0.489,0.547,3.3,3.9,0.846,0.4,3.9,4.3,7.0,0.9,0.3,2.8,2.0,24.3
13,Trae Young\youngtr01,PG,25,ATL,56,56,34.4,8.1,18.7,0.433,1.9,5.6,0.339,6.2,13.1,0.473,0.484,6.4,7.1,0.901,0.3,2.9,3.2,10.8,1.0,0.2,4.3,1.8,25.7
14,Darius Garland\garladar01,PG,24,CLE,50,50,32.0,8.0,17.1,0.468,2.2,5.8,0.379,5.8,11.3,0.513,0.532,4.2,4.9,0.857,0.4,2.8,3.2,6.9,1.3,0.2,2.9,1.8,22.4
15,Karl-Anthony Towns\townska01,C,28,MIN,61,61,33.5,9.0,18.8,0.479,2.3,6.1,0.377,6.7,12.7,0.528,0.54,4.3,5.2,0.827,2.2,6.7,8.9,3.0,1.1,0.6,2.6,2.7,21.4
16,Bam Adebayo\adebabam01,C,26,MIA,71,71,33.8,8.3,15.7,0.529,0.1,0.3,0.333,8.2,15.4,0.532,0.532,5.1,6.5,0.785,2.4,7.6,10.0,3.9,1.3,0.9,2.5,2.3,19.3
17,Nikola Jokic\jokicni01,C,28,DEN,79,79,34.6,9.9,17.8,0.556,0.8,2.1,0.381,9.1,15.7,0.58,0.579,5.4,6.5,0.831,2.5,10.2,12.7,9.0,1.4,0.9,3.0,2.8,26.4
18,Zion Williamson\willizi01,PF,23,NOP,70,70,31.7,9.8,17.3,0.566,0.3,0.9,0.333,9.5,16.4,0.579,0.575,6.3,8.5,0.741,1.8,5.0,6.8,5.0,1.1,0.7,2.7,2.6,22.9
19,De'Aaron Fox\foxdear01,PG,26,SAC,79,79,34.9,9.5,19.5,0.487,1.5,4.1,0.366,8.0,15.4,0.519,0.526,5.1,6.2,0.823,0.5,3.4,3.9,5.4,1.6,0.3,2.5,2.2,25.4
20,Jalen Brunson\brunsja01,PG,27,NYK,77,77,35.8,9.6,21.0,0.457,2.4,6.1,0.393,7.2,14.9,0.483,0.514,5.1,5.9,0.864,0.3,2.7,3.0,6.7,0.9,0.2,2.1,1.9,28.7
21,Cade Cunningham\cunnica01,PG,22,DET,62,62,35.3,8.8,20.0,0.44,2.5,7.0,0.357,6.3,13.0,0.485,0.503,4.1,5.0,0.82,0.9,4.0,4.9,7.3,1.5,0.4,3.6,2.3,22.7
22,Paolo Banchero\banchpa01,PF,21,ORL,80,80,35.3,9.0,20.0,0.45,1.5,4.8,0.312,7.5,15.2,0.493,0.487,6.1,7.8,0.782,1.1,5.8,6.9,3.7,1.0,0.8,3.1,2.4,22.6
23,Anfernee Simons\simonan01,SG,24,POR,52,52,33.3,8.5,19.3,0.44,3.6,9.3,0.387,4.9,10.0,0.49,0.534,4.2,4.9,0.857,0.4,2.9,3.3,5.3,0.8,0.2,2.4,1.5,24.6
24,Alperen Sengun\senguam01,C,21,HOU,72,72,30.2,7.9,14.9,0.53,0.3,0.9,0.333,7.6,14.0,0.543,0.54,4.5,5.9,0.763,2.7,6.9,9.6,5.0,1.5,1.3,2.9,2.5,21.1
25,LeBron James\jamesle01,SF,39,LAL,71,71,35.3,9.8,19.5,0.503,2.1,5.5,0.382,7.7,14.0,0.55,0.556,5.3,7.0,0.757,1.1,6.9,8.0,8.3,1.3,0.6,3.5,1.8,25.7
26,Jimmy Butler\butliji01,SF,34,MIA,60,60,33.3,7.7,15.9,0.484,0.5,1.5,0.333,7.2,14.4,0.5,0.5,8.3,9.9,0.838,1.2,4.8,6.0,5.0,1.3,0.3,2.7,1.7,20.8
27,Paul George\georgpa01,SF,33,LAC,74,74,37.2,8.7,19.7,0.442,3.0,7.7,0.39,5.7,12.0,0.475,0.518,3.7,4.3,0.86,0.9,5.0,5.9,3.5,1.5,0.4,2.9,2.3,22.6
28,Kyrie Irving\irvingky01,PG,31,DAL,55,55,35.6,10.0,20.2,0.495,2.9,7.1,0.408,7.1,13.1,0.542,0.567,3.5,4.1,0.854,0.6,4.4,5.0,5.2,1.3,0.5,2.3,2.0,25.6
29,Evan Mobley\mobleen01,C,22,CLE,76,76,34.0,7.5,14.4,0.521,0.9,2.5,0.36,6.6,11.9,0.555,0.552,3.2,4.2,0.762,2.3,7.8,10.1,2.9,1.2,1.7,1.8,2.5,15.7
30,Pascal Siakam\siakapa01,PF,29,IND,58,58,34.9,8.8,18.5,0.476,1.1,3.2,0.344,7.7,15.3,0.503,0.505,4.6,5.7,0.807,1.5,6.5,8.0,3.7,1.0,0.6,2.6,2.4,21.3
31,OG Anunoby\anunoOG01,SF,26,NYK,34,34,30.0,5.7,12.2,0.467,2.2,5.4,0.407,3.5,6.8,0.515,0.557,2.2,2.7,0.815,1.4,4.4,5.8,1.9,1.6,0.8,1.3,2.3,14.7
32,Mikal Bridges\bridgmi01,SF,27,NYK,82,82,36.6,7.5,17.4,0.431,2.8,7.4,0.378,4.7,10.0,0.47,0.511,2.5,2.9,0.862,0.9,3.9,4.8,3.7,1.2,0.5,1.6,2.4,19.6
33,Brandon Ingram\ingrabr01,SF,26,NOP,20,20,30.7,7.5,16.3,0.46,1.6,4.3,0.372,5.9,12.0,0.492,0.509,4.6,5.6,0.821,0.9,5.1,6.0,5.7,0.9,0.6,2.6,1.7,20.8
34,Jaylen Brown\brownja01,SG,27,BOS,70,70,33.3,9.1,18.5,0.492,2.5,6.7,0.373,6.6,11.8,0.559,0.559,2.9,3.6,0.806,1.2,4.9,6.1,3.6,1.2,0.5,2.4,2.3,23.0
35,CJ McCollum\mccolcj01,SG,32,NOP,55,55,32.3,8.0,18.3,0.437,3.2,7.9,0.405,4.8,10.4,0.462,0.525,2.3,2.6,0.885,0.4,2.7,3.1,4.3,1.0,0.3,1.8,2.0,21.5
36,Fred VanVleet\vanvlfr01,PG,29,HOU,72,72,33.7,6.5,16.3,0.399,3.0,8.2,0.366,3.5,8.1,0.432,0.491,3.8,4.5,0.844,0.5,3.0,3.5,6.8,1.5,0.3,2.4,2.8,19.7
37,Domantas Sabonis\sabondo01,C,27,SAC,79,79,33.3,8.4,14.6,0.575,0.3,1.0,0.3,8.1,13.6,0.596,0.586,3.7,5.2,0.712,3.0,9.7,12.7,8.2,1.1,0.4,2.7,2.4,19.9
38,Kristaps Porzingis\porzikr01,C,28,BOS,57,57,29.4,7.0,14.2,0.493,1.7,4.5,0.378,5.3,9.7,0.546,0.553,5.0,5.7,0.877,0.9,5.8,6.7,1.6,0.7,1.9,1.7,2.3,20.1
39,Rudy Gobert\goberru01,C,31,MIN,76,76,31.6,5.9,9.4,0.628,0.0,0.0,0.0,5.9,9.4,0.628,0.628,4.1,5.5,0.745,4.4,9.3,13.7,3.5,0.9,2.1,1.8,2.8,14.0
40,Jaren Jackson Jr.\jacksja02,C,24,MEM,56,56,29.9,6.7,14.0,0.479,1.4,4.2,0.333,5.3,9.8,0.541,0.529,3.3,4.2,0.786,1.4,5.8,7.2,2.1,1.1,2.9,1.7,2.3,22.2
41,Tyrese Maxey\maxeyty01,PG,23,PHI,70,70,35.7,9.1,19.0,0.479,3.8,9.5,0.4,5.3,9.5,0.558,0.579,4.5,5.0,0.9,0.7,3.0,3.7,6.2,1.2,0.4,2.6,1.9,25.9
42,Anthony Davis\davisan01,C,30,LAL,76,76,35.5,10.0,19.2,0.521,0.2,0.7,0.286,9.8,18.5,0.53,0.526,6.3,8.3,0.759,2.9,9.9,12.8,3.5,1.2,2.3,2.3,2.4,24.7
43,Jalen Williams\willija05,SF,22,OKC,74,74,33.0,8.4,16.7,0.503,1.6,4.3,0.372,6.8,12.4,0.548,0.551,6.3,7.3,0.863,0.8,4.2,5.0,5.9,1.3,0.6,2.2,2.0,24.1
44,Khris Middleton\middlkh01,SF,32,MIL,36,36,31.1,6.6,14.4,0.458,2.3,5.9,0.39,4.3,8.5,0.506,0.538,4.0,4.6,0.87,0.9,4.1,5.0,4.1,1.0,0.4,2.3,2.0,15.1
45,Tyler Herro\herroTy01,SG,24,MIA,78,78,33.3,8.1,18.1,0.448,2.7,7.1,0.38,5.4,11.0,0.491,0.522,4.2,4.9,0.857,0.4,3.5,3.9,4.5,1.1,0.4,2.5,2.1,20.8
46,Scottie Barnes\barnesch02,PF,22,TOR,60,60,35.1,7.8,16.8,0.464,1.6,4.8,0.333,6.2,12.0,0.517,0.512,3.7,4.9,0.755,1.4,7.0,8.4,6.1,1.3,0.9,2.7,2.6,19.9
47,Derrick White\whited01,SG,29,BOS,73,73,30.6,5.8,12.9,0.45,2.6,6.3,0.413,3.2,6.6,0.485,0.55,1.9,2.3,0.826,0.9,3.6,4.5,5.2,1.2,0.8,1.4,2.3,15.2
48,Brook Lopez\lopezBR01,C,35,MIL,73,73,28.1,5.6,11.4,0.491,2.6,6.4,0.406,3.0,5.0,0.6,0.605,1.7,2.1,0.81,2.3,4.0,6.3,1.4,0.8,2.3,1.2,2.3,12.5
49,Jordan Poole\pooleJo01,SG,24,WAS,72,72,32.8,6.9,16.8,0.411,2.9,7.8,0.372,4.0,9.0,0.444,0.497,4.3,5.0,0.86,0.3,2.8,3.1,4.5,1.0,0.3,2.6,2.2,17.0
50,Cam Thomas\thomaca05,SG,22,BRK,31,31,31.7,7.6,17.5,0.434,2.0,5.5,0.364,5.6,12.0,0.467,0.491,5.8,6.9,0.841,0.5,3.2,3.7,3.7,0.9,0.2,2.5,2.0,22.5
51,Luke Lopez\lopezlu01,PG,33,PHO,12,2,19.2,1.3,2.1,0.619,0.2,0.5,0.313,1.1,1.6,0.706,0.667,4.5,5.7,0.788,0.7,0.8,1.5,6.6,0.3,0.4,0.6,0.5,7.3
52,Naz Scott\scottna01,SF,34,LAC,1,0,3.3,0.4,1.1,0.364,0.1,0.4,0.314,0.3,0.7,0.388,0.409,0.6,0.8,0.691,1.5,6.5,8.0,0.8,0.7,0.0,3.6,1.4,1.5
53,Marcus Robinson\robinma01,PF,28,NOP,11,3,33.3,1.4,3.2,0.437,0.6,1.7,0.377,0.8,1.5,0.546,0.531,8.6,12.0,0.719,0.9,6.6,7.5,0.7,1.9,0.4,0.3,1.6,12.0
54,Marcus Young\youngma01,PG,38,NYK,75,70,10.6,1.0,2.1,0.476,0.1,0.3,0.329,0.9,1.8,0.499,0.5,5.4,7.7,0.703,0.1,1.4,1.5,0.7,0.1,1.5,0.1,3.5,7.5
55,Kessler Hall\hallke01,PG,22,LAC,59,38,15.7,2.8,5.4,0.519,1.5,3.1,0.471,1.3,2.3,0.563,0.657,0.6,0.9,0.66,0.6,7.3,7.9,0.8,0.4,0.1,2.3,2.7,7.7
56,Precious Williams\willipr01,SF,37,PHO,81,10,36.0,0.2,0.5,0.4,0.1,0.3,0.306,0.1,0.2,0.517,0.5,2.6,3.1,0.852,1.0,8.4,9.4,0.7,0.1,0.0,2.0,1.9,3.1
57,Marcus Baker\bakerma01,C,36,PHI,78,24,17.7,7.7,18.3,0.421,3.9,11.9,0.328,3.8,6.4,0.598,0.527,0.3,0.3,0.938,1.1,0.7,1.8,0.9,0.0,0.1,0.5,2.4,19.6
58,Josh Wright\wrighjo01,SG,34,PHI,33,23,14.7,0.9,2.4,0.375,0.2,0.6,0.316,0.7,1.8,0.413,0.417,0.9,1.7,0.522,1.6,0.6,2.2,1.2,0.6,0.4,0.8,1.2,2.9
59,James Wilson\wilsoja01,PF,37,ATL,15,3,14.3,2.4,5.2,0.462,0.3,0.9,0.337,2.1,4.3,0.495,0.49,2.7,3.2,0.842,0.6,3.6,4.2,0.6,0.2,0.1,0.2,1.7,7.8
60,Ja Walker\walkeja01,PG,24,GSW,59,44,26.9,4.0,8.5,0.471,1.5,3.7,0.416,2.5,4.8,0.513,0.559,3.0,4.3,0.698,0.1,1.8,1.9,5.3,0.1,0.0,0.1,1.6,12.5
61,Luke Taylor\taylolu01,PF,37,OKC,76,71,14.2,1.6,4.0,0.4,0.4,0.8,0.452,1.2,3.2,0.37,0.45,4.6,5.7,0.8,0.8,2.5,3.3,2.8,0.2,0.7,0.8,2.9,8.2
62,Marcus Wright\wrighma01,SG,28,BRK,13,12,2.0,0.9,2.4,0.375,0.3,0.7,0.36,0.6,1.7,0.361,0.438,3.2,4.2,0.757,0.8,1.1,1.9,0.3,1.1,0.2,1.6,1.4,5.3
63,Trey Thompson\thomptr01,SF,21,SAC,6,2,7.6,0.2,0.5,0.4,0.1,0.3,0.362,0.1,0.2,0.437,0.5,0.6,0.7,0.861,1.1,2.4,3.5,0.8,0.8,0.0,0.5,0.8,1.1
64,Marcus Clark\clarkma01,PF,32,SAC,76,25,13.6,0.4,0.9,0.444,0.1,0.3,0.44,0.3,0.6,0.566,0.5,3.0,3.6,0.832,0.6,1.6,2.2,0.6,2.1,0.0,1.1,2.6,3.9
65,Nic Jones\jonesni01,SF,38,DEN,28,4,17.9,0.3,0.5,0.6,0.1,0.2,0.332,0.2,0.3,0.515,0.7,2.1,2.8,0.761,1.2,4.3,5.5,1.5,0.8,1.4,0.3,1.8,2.8
66,Miles Hill\hillmi01,PG,28,SAC,51,7,4.9,0.3,0.5,0.6,0.1,0.2,0.372,0.2,0.3,0.657,0.7,3.7,4.6,0.799,0.0,0.0,0.0,1.5,0.2,0.1,1.2,2.6,4.4
67,Miles Moore\mooremi01,PG,22,WAS,65,3,20.6,0.3,0.6,0.5,0.2,0.4,0.436,0.1,0.2,0.666,0.667,3.4,3.8,0.903,0.2,5.9,6.1,0.2,0.2,0.2,0.1,1.5,4.2
68,Chris Johnson\johnsch01,SF,36,LAC,80,66,14.9,1.0,2.5,0.4,0.2,0.7,0.333,0.8,1.8,0.45,0.44,5.8,6.8,0.855,1.0,1.1,2.1,0.1,0.6,0.1,0.0,1.1,8.0
69,Jordan Perez\perezjo01,PF,29,MIL,6,2,9.7,0.3,0.5,0.6,0.1,0.2,0.362,0.2,0.3,0.518,0.7,3.9,4.7,0.821,0.4,0.8,1.2,7.8,0.3,0.1,0.3,1.6,4.6
70,Tyler Taylor\tayloty01,SF,20,UTA,25,6,16.8,5.3,13.4,0.396,3.6,9.5,0.375,1.7,3.9,0.444,0.53,0.2,0.3,0.593,0.6,1.8,2.4,2.5,1.9,1.4,0.7,3.0,14.4
71,Naz King\kingna01,PF,36,BRK,6,5,36.0,9.3,20.0,0.465,3.9,9.8,0.394,5.4,10.2,0.526,0.562,0.9,1.2,0.789,0.6,0.7,1.3,0.5,0.8,0.0,2.0,2.7,23.4
72,Miles Baker\bakermi01,PG,21,MIA,29,4,16.1,1.9,4.0,0.475,0.6,1.3,0.451,1.3,2.7,0.481,0.55,4.3,5.8,0.747,1.9,0.8,2.7,3.3,1.0,0.2,1.9,0.8,8.7
73,Jaden Clark\clarkja01,PG,31,SAS,33,4,17.9,0.2,0.6,0.333,0.1,0.3,0.377,0.1,0.3,0.39,0.417,4.3,5.0,0.854,0.1,7.6,7.7,0.9,0.0,0.5,1.5,2.8,4.8
74,Obi Lewis\lewisob01,SF,33,MIA,69,18,27.1,8.0,20.0,0.4,2.8,8.3,0.337,5.2,11.7,0.441,0.47,0.3,0.4,0.742,0.8,3.0,3.8,2.1,1.1,0.3,0.1,2.6,19.1
75,Luke Adams\adamslu01,PF,30,MIL,81,67,17.5,0.5,1.2,0.417,0.2,0.7,0.264,0.3,0.5,0.552,0.5,1.5,2.0,0.739,1.6,2.4,4.0,1.6,0.1,0.1,1.3,2.1,2.7
76,Jordan Taylor\taylojo01,C,25,DEN,31,3,23.5,4.0,9.2,0.435,2.9,6.8,0.423,1.1,2.4,0.467,0.592,3.3,5.6,0.59,0.2,0.9,1.1,2.4,0.5,0.0,0.7,2.3,14.2
77,Matisse Baker\bakerma01,SG,22,WAS,48,9,23.2,1.0,2.6,0.385,0.5,1.4,0.388,0.5,1.2,0.415,0.481,6.2,6.7,0.919,0.2,0.4,0.6,1.5,0.2,0.8,2.2,1.9,8.7
78,Tre Gonzalez\gonzatr01,PG,24,CHA,40,37,7.5,9.7,20.0,0.485,3.8,10.8,0.353,5.9,9.2,0.64,0.58,0.1,0.1,0.747,1.4,3.4,4.8,1.7,0.2,1.2,1.4,2.6,23.3
79,Matisse Moore\moorema01,PF,21,LAC,3,2,24.2,3.1,5.1,0.608,0.2,0.7,0.356,2.9,4.4,0.661,0.627,0.4,0.6,0.748,5.0,3.1,8.1,0.0,0.3,0.2,1.1,1.8,6.8
80,Aaron Clark\clarkaa01,SF,35,DEN,80,55,13.4,6.0,12.9,0.465,2.9,6.6,0.436,3.1,6.3,0.485,0.578,1.4,1.9,0.736,0.2,2.8,3.0,1.4,0.5,0.0,0.3,1.6,16.3
81,Obi Johnson\johnsob01,SF,23,CHI,70,9,15.8,0.4,0.9,0.444,0.2,0.5,0.45,0.2,0.4,0.592,0.556,0.7,0.9,0.799,0.4,1.2,1.6,2.3,2.4,1.4,1.4,2.3,1.7
82,Matisse Mitchell\mitchma01,PG,22,POR,52,37,18.8,1.2,2.6,0.462,0.6,1.5,0.395,0.6,1.1,0.588,0.577,2.9,3.9,0.751,1.8,0.1,1.9,0.6,0.5,0.5,1.2,1.9,5.9
83,Josh Hill\hilljo01,PG,34,BOS,67,66,8.7,0.5,1.0,0.5,0.2,0.4,0.441,0.3,0.6,0.533,0.6,0.6,0.8,0.776,0.5,1.2,1.7,0.2,1.1,1.5,1.1,0.5,1.8
84,Kevin Davis\daviske01,C,37,CHI,21,14,26.0,7.0,20.0,0.35,0.8,2.8,0.277,6.2,17.2,0.361,0.37,0.7,0.8,0.843,0.1,1.8,1.9,0.6,0.8,0.5,0.0,0.9,15.5
85,Matisse Robinson\robinma01,PG,29,MIL,36,19,26.7,0.2,0.5,0.4,0.0,0.1,0.296,0.2,0.4,0.495,0.4,0.1,0.2,0.639,0.5,2.2,2.7,0.0,0.1,0.3,2.9,1.7,0.5
86,Bennedict Clark\clarkbe01,C,31,DET,47,34,36.0,1.7,3.5,0.486,0.9,2.1,0.423,0.8,1.4,0.564,0.614,1.3,1.5,0.847,0.1,2.3,2.4,3.4,0.2,0.0,1.8,3.6,5.6
87,Miles Hernandez\hernami01,PG,35,CHI,47,42,14.6,0.3,0.8,0.375,0.2,0.5,0.303,0.1,0.3,0.49,0.5,2.1,2.8,0.747,0.1,2.7,2.8,1.3,0.6,1.1,4.0,2.1,2.9
88,Kyle Wright\wrighky01,SG,29,BOS,4,1,16.1,0.8,1.4,0.571,0.1,0.3,0.2,0.7,1.1,0.639,0.607,0.8,1.2,0.654,0.8,1.1,1.9,0.1,0.0,0.2,0.8,2.4,2.5
89,Tre Walker\walketr01,PG,27,BOS,81,57,34.9,2.8,6.5,0.431,0.8,2.4,0.348,2.0,4.1,0.5,0.492,1.2,1.5,0.802,0.1,1.7,1.8,0.2,0.3,0.7,1.0,1.2,7.6
90,Chris Davis\davisch01,SG,20,POR,68,42,3.8,6.7,15.1,0.444,1.7,5.2,0.318,5.0,9.9,0.506,0.5,0.7,1.1,0.646,0.5,4.9,5.4,7.1,0.9,0.1,1.6,2.8,15.8
91,Bennedict Young\youngbe01,SF,37,NOP,63,38,13.8,0.9,2.2,0.409,0.3,0.8,0.33,0.6,1.4,0.44,0.477,1.2,1.8,0.668,3.3,2.1,5.4,0.3,0.5,0.5,1.4,2.6,3.3
92,Josh Anderson\anderjo01,PG,22,SAS,30,14,32.8,0.7,1.3,0.538,0.3,0.5,0.533,0.4,0.8,0.496,0.654,5.7,6.6,0.859,0.9,0.1,1.0,0.4,1.3,1.0,0.6,1.9,7.4
93,Tre Lopez\lopeztr01,SF,23,LAL,56,21,11.9,2.3,6.2,0.371,0.8,3.3,0.257,1.5,2.9,0.516,0.435,2.5,2.7,0.916,0.7,1.0,1.7,0.4,0.1,1.1,0.0,0.8,7.9
94,Quentin Clark\clarkqu01,SG,24,MIN,1,0,36.0,1.4,3.6,0.389,1.0,2.9,0.353,0.4,0.7,0.504,0.528,1.4,2.0,0.702,0.4,3.0,3.4,3.2,0.7,0.3,2.9,0.1,5.2
95,Mike Anderson\andermi01,PG,36,HOU,27,21,15.1,1.8,3.6,0.5,0.4,1.2,0.301,1.4,2.4,0.565,0.556,1.2,1.6,0.734,0.1,0.4,0.5,0.9,0.2,0.2,0.5,1.7,5.2
96,Josh Jones\jonesjo01,C,38,CHA,17,8,9.5,4.9,9.5,0.516,1.9,4.7,0.403,3.0,4.8,0.633,0.616,1.0,1.2,0.807,0.5,1.5,2.0,0.4,0.9,0.1,0.0,1.7,12.7
97,Drew Hall\halldr01,SG,33,DAL,51,32,19.7,3.2,5.7,0.561,0.7,1.6,0.466,2.5,4.1,0.608,0.623,1.6,2.2,0.735,0.8,0.3,1.1,2.0,1.3,1.3,0.7,1.6,8.7
98,Nic King\kingni01,PG,24,BRK,46,12,19.5,1.6,3.0,0.533,0.5,1.2,0.393,1.1,1.8,0.619,0.617,0.9,1.1,0.829,1.6,0.5,2.1,0.0,0.5,0.7,1.4,0.7,4.6
99,Tyler Martin\martity01,PF,21,SAC,32,16,14.6,1.3,3.4,0.382,0.6,2.1,0.279,0.7,1.3,0.504,0.471,0.5,0.7,0.706,0.4,3.0,3.4,4.4,0.9,0.1,1.7,2.9,3.7
100,Gary Harris\harriga01,SG,28,CHI,43,1,15.1,4.8,14.4,0.333,1.7,5.4,0.316,3.1,9.0,0.348,0.392,2.7,3.9,0.7,1.3,0.2,1.5,2.0,0.7,0.5,1.1,4.0,14.0
101,Precious Wilson\wilsopr01,PF,28,LAL,77,37,20.5,1.4,3.4,0.412,0.7,1.6,0.43,0.7,1.8,0.411,0.515,2.2,3.0,0.719,2.7,3.8,6.5,5.1,0.8,0.7,0.0,1.4,5.7
102,Kevin Mitchell\mitchke01,PG,33,IND,19,9,15.2,5.4,12.3,0.439,2.4,5.4,0.449,3.0,6.9,0.441,0.537,0.2,0.2,0.938,1.3,1.1,2.4,0.5,0.2,0.9,3.6,1.6,13.4
103,James Gonzalez\gonzaja01,PG,37,PHO,33,9,10.4,0.3,0.5,0.6,0.1,0.2,0.369,0.2,0.3,0.511,0.7,2.9,3.5,0.817,0.1,0.6,0.7,4.0,1.0,0.6,2.4,0.9,3.6
104,Marcus Carter\cartema01,C,36,MIL,79,21,19.4,3.8,9.3,0.409,1.1,2.3,0.47,2.7,7.0,0.387,0.468,2.2,2.7,0.833,1.4,5.2,6.6,0.8,1.2,0.1,0.5,0.9,10.9
105,Kessler Walker\walkeke01,C,21,MIA,1,0,18.3,3.8,7.1,0.535,0.1,0.4,0.333,3.7,6.7,0.548,0.542,4.4,4.5,0.975,0.1,0.3,0.4,1.8,0.0,1.2,1.8,0.4,12.1
106,Derrick Anderson\anderde01,SF,28,WAS,46,4,4.8,0.3,0.6,0.5,0.1,0.2,0.376,0.2,0.4,0.484,0.583,0.9,1.3,0.684,1.4,0.0,1.4,4.3,0.8,0.1,3.9,1.7,1.6
107,Naz Allen\allenna01,SG,22,IND,51,6,22.1,0.5,1.0,0.5,0.2,0.5,0.321,0.3,0.5,0.558,0.6,1.7,2.0,0.847,0.6,1.2,1.8,0.3,1.4,0.2,0.6,2.2,2.9
108,Jaden Allen\allenja01,PG,34,UTA,59,11,18.2,9.4,20.0,0.47,3.4,10.5,0.322,6.0,9.5,0.627,0.555,0.2,0.2,0.826,0.0,3.8,3.8,1.1,0.8,0.6,0.0,1.7,22.4
109,David Brown\brownda01,C,34,GSW,49,16,31.6,3.6,9.2,0.391,1.4,3.8,0.375,2.2,5.4,0.416,0.467,0.5,1.1,0.469,3.0,0.8,3.8,0.9,0.7,0.0,5.0,1.3,9.1
110,Josh Scott\scottjo01,PG,25,ORL,79,76,14.9,2.3,4.7,0.489,0.8,2.0,0.399,1.5,2.7,0.538,0.574,6.1,6.7,0.909,0.4,1.7,2.1,1.9,0.4,1.1,1.7,1.4,11.5
111,Miles Thomas\thomami01,SG,35,WAS,73,62,9.6,3.6,9.5,0.379,2.0,5.4,0.371,1.6,4.1,0.385,0.484,2.0,3.2,0.618,0.3,3.6,3.9,1.4,0.2,0.0,0.1,2.1,11.2
112,Tre Garcia\garcitr01,PF,23,WAS,29,12,12.0,2.2,4.9,0.449,1.5,3.4,0.435,0.7,1.5,0.476,0.602,0.7,0.9,0.732,1.1,0.3,1.4,1.2,1.7,0.8,2.1,1.9,6.6
113,Aaron Thomas\thomaaa01,SG,21,PHI,32,22,30.3,5.3,12.4,0.427,2.4,6.9,0.349,2.9,5.5,0.526,0.524,3.3,5.2,0.627,1.0,0.2,1.2,3.9,2.1,0.1,0.6,2.2,16.3
114,Bennedict Harris\harribe01,SF,37,HOU,36,14,24.2,1.8,4.7,0.383,0.9,2.9,0.325,0.9,1.8,0.496,0.479,6.7,7.9,0.843,2.1,0.6,2.7,3.6,0.3,1.4,4.8,1.6,11.2
115,Gary Davis\davisga01,SG,33,MIA,76,58,18.7,0.2,0.5,0.4,0.1,0.2,0.346,0.1,0.3,0.4,0.5,0.1,0.1,0.852,0.7,1.5,2.2,2.4,0.3,0.9,3.1,1.6,0.6
116,Derrick Baker\bakerde01,SF,37,CHA,79,55,9.1,6.0,18.4,0.326,3.1,12.9,0.238,2.9,5.5,0.522,0.41,0.2,0.3,0.803,0.7,1.5,2.2,0.8,0.1,0.1,0.8,2.2,15.3
117,Gary King\kingga01,PF,20,MIL,69,0,14.4,4.6,9.9,0.465,1.6,3.9,0.411,3.0,6.0,0.506,0.545,2.2,3.4,0.658,0.2,1.9,2.1,0.8,0.5,0.2,2.9,1.8,13.0
118,Jordan Gonzalez\gonzajo01,SF,20,HOU,40,23,19.6,3.4,8.0,0.425,0.5,1.5,0.352,2.9,6.5,0.451,0.456,1.9,2.7,0.693,0.6,0.1,0.7,2.2,0.7,0.4,0.6,1.8,9.2
119,Tre Moore\mooretr01,PG,30,POR,2,0,24.6,6.8,15.8,0.43,3.6,9.5,0.375,3.2,6.3,0.513,0.544,2.3,2.8,0.809,0.1,5.5,5.6,1.2,1.5,0.3,3.0,0.8,19.5
120,Naz Williams\willina01,SG,30,PHI,28,25,15.5,3.2,6.5,0.492,1.2,2.9,0.426,2.0,3.6,0.558,0.585,8.0,10.3,0.774,0.5,3.2,3.7,2.3,0.2,0.0,1.2,2.6,15.6
121,Miles Smith\smithmi01,PF,21,SAC,65,40,31.2,3.5,6.4,0.547,0.7,2.1,0.321,2.8,4.3,0.647,0.602,1.5,1.8,0.81,0.7,8.1,8.8,0.3,0.2,0.2,0.4,1.3,9.2
122,Precious Green\greenpr01,PG,31,SAC,66,59,17.1,5.4,11.0,0.491,3.5,7.1,0.499,1.9,3.9,0.49,0.65,0.3,0.4,0.725,0.5,0.8,1.3,1.9,0.2,0.7,0.4,3.4,14.6
123,Andre Mitchell\mitchan01,SG,26,LAL,18,14,30.4,2.9,6.7,0.433,2.2,5.4,0.402,0.7,1.3,0.525,0.597,1.7,2.2,0.775,0.5,1.2,1.7,2.7,0.5,0.7,0.1,1.5,9.7
124,Ja Moore\mooreja01,SG,28,CLE,82,33,6.5,7.7,20.0,0.385,4.6,10.8,0.424,3.1,9.2,0.338,0.5,0.3,0.4,0.707,1.9,1.5,3.4,0.1,0.5,0.1,1.8,1.4,20.3
125,David Gonzalez\gonzada01,SG,30,GSW,66,59,25.1,5.8,14.4,0.403,2.1,6.9,0.308,3.7,7.5,0.498,0.476,0.1,0.1,0.678,0.5,5.9,6.4,0.4,0.5,0.1,1.2,1.4,13.8
126,Javonte Moore\mooreja01,SG,36,MIA,46,45,16.2,3.9,8.2,0.476,0.6,1.7,0.363,3.3,6.5,0.503,0.512,0.3,0.4,0.8,0.7,0.4,1.1,0.7,1.2,0.3,1.1,2.5,8.7
127,Precious Miller\millepr01,C,27,SAS,48,11,2.0,0.3,0.6,0.5,0.0,0.1,0.199,0.3,0.5,0.589,0.5,0.1,0.2,0.7,0.0,0.0,0.0,0.1,0.6,0.0,0.2,1.6,0.7
128,Mike Jones\jonesmi01,C,22,PHI,14,6,25.7,2.5,5.6,0.446,0.5,1.5,0.311,2.0,4.1,0.5,0.491,1.2,1.3,0.961,0.2,1.1,1.3,1.0,0.3,0.1,2.0,1.3,6.7
129,Quentin Walker\walkequ01,PF,33,SAC,81,6,14.0,1.8,6.3,0.286,0.9,4.7,0.2,0.9,1.6,0.573,0.357,3.4,4.1,0.823,0.9,0.4,1.3,0.8,1.2,1.3,0.4,2.1,7.9
130,Tyler Davis\davisty01,PG,25,LAL,76,37,29.1,1.4,3.3,0.424,0.7,1.5,0.443,0.7,1.8,0.406,0.53,1.7,3.0,0.551,0.7,0.7,1.4,2.0,0.1,0.4,1.1,2.5,5.2
131,Aaron Hall\hallaa01,PG,29,DEN,59,26,8.8,0.2,0.5,0.4,0.1,0.3,0.322,0.1,0.2,0.578,0.5,9.4,11.9,0.786,0.1,0.5,0.6,9.3,0.0,0.2,1.0,2.9,9.9
132,Aaron Martin\martiaa01,SG,23,TOR,22,10,18.7,5.3,9.2,0.576,0.8,2.3,0.368,4.5,6.9,0.647,0.62,7.3,8.7,0.844,0.6,7.8,8.4,4.7,2.2,0.4,1.3,2.9,18.7
133,Quentin Robinson\robinqu01,SG,34,HOU,27,3,22.5,4.0,8.5,0.471,0.5,1.5,0.364,3.5,7.0,0.501,0.5,2.3,2.4,0.961,0.6,0.3,0.9,3.2,0.2,0.0,2.0,1.8,10.8
134,Drew Baker\bakerdr01,PG,21,DAL,15,7,4.9,0.3,0.6,0.5,0.1,0.2,0.38,0.2,0.4,0.461,0.583,1.7,2.4,0.724,3.2,0.6,3.8,0.8,0.8,0.5,0.5,1.3,2.4
135,Shake Hill\hillsh01,SG,26,HOU,61,22,16.6,2.9,8.2,0.354,2.0,6.7,0.297,0.9,1.5,0.605,0.476,1.6,1.9,0.851,0.7,3.3,4.0,2.1,1.3,0.1,1.7,2.7,9.4
136,Darius Lewis\lewisda01,PG,35,HOU,26,11,24.6,0.3,0.5,0.6,0.1,0.2,0.414,0.2,0.3,0.506,0.7,0.8,1.1,0.761,0.0,1.8,1.8,0.4,0.9,0.2,1.6,1.7,1.5
137,Tyler Thomas\thomaty01,SG,28,MIN,14,10,12.0,8.6,15.9,0.541,2.4,5.9,0.406,6.2,10.0,0.625,0.616,7.3,12.0,0.609,1.3,0.2,1.5,2.9,0.1,1.0,0.9,1.1,26.9
138,Matisse Allen\allenma01,C,29,MIN,12,6,13.4,1.9,3.2,0.594,0.3,0.6,0.462,1.6,2.6,0.611,0.641,0.8,1.3,0.578,0.0,3.2,3.2,0.1,0.2,0.1,0.5,1.4,4.9
139,Bennedict Scott\scottbe01,PG,33,DEN,77,1,27.1,3.0,6.5,0.462,0.3,1.0,0.3,2.7,5.5,0.482,0.485,1.6,2.2,0.731,2.2,0.6,2.8,0.4,2.5,0.2,0.0,1.8,7.9
140,Andre Brown\brownan01,C,31,BRK,2,0,36.0,1.5,3.0,0.5,0.3,0.8,0.426,1.2,2.2,0.564,0.55,0.6,0.7,0.852,0.7,7.5,8.2,0.1,3.0,0.3,2.8,2.7,3.9
141,Aaron Hill\hillaa01,PG,33,LAC,79,70,13.7,5.8,13.0,0.446,1.4,3.1,0.459,4.4,9.9,0.446,0.5,3.4,4.1,0.833,0.6,2.8,3.4,2.3,0.3,0.6,0.7,3.2,16.4
142,Ja Jones\jonesja01,C,28,LAL,79,23,23.8,0.2,0.5,0.4,0.1,0.2,0.328,0.1,0.3,0.299,0.5,1.7,2.0,0.863,0.4,7.3,7.7,0.2,0.7,0.1,2.9,1.8,2.2
143,Kyle Davis\davisky01,SF,26,HOU,27,4,13.7,8.6,18.9,0.455,6.0,12.9,0.464,2.6,6.0,0.441,0.614,0.4,0.6,0.735,2.7,0.3,3.0,1.4,0.6,0.2,1.2,2.3,23.6
144,Derrick Davis\davisde01,PG,38,LAC,78,0,33.4,4.3,12.0,0.358,0.9,4.2,0.212,3.4,7.8,0.438,0.396,0.6,1.1,0.557,0.8,1.4,2.2,1.2,0.1,0.6,0.5,3.1,10.1
145,Mike Brown\brownmi01,C,34,DAL,6,3,14.4,3.2,8.1,0.395,0.8,2.2,0.375,2.4,5.9,0.401,0.444,4.7,5.8,0.804,1.0,0.3,1.3,5.2,0.3,1.3,0.7,0.9,11.9
146,Gary Jones\jonesga01,PG,35,HOU,58,12,21.6,2.0,6.1,0.328,1.0,3.2,0.31,1.0,2.9,0.332,0.41,3.8,7.7,0.497,0.7,3.9,4.6,1.4,0.3,0.6,0.4,1.2,8.8
147,Walker Clark\clarkwa01,PG,32,BOS,58,19,30.4,0.3,0.7,0.429,0.1,0.3,0.248,0.2,0.4,0.507,0.5,3.7,4.4,0.836,0.1,2.7,2.8,1.6,0.3,0.1,0.6,2.0,4.4
148,Aaron Wright\wrighaa01,SG,25,DEN,56,43,10.0,0.5,0.9,0.556,0.1,0.2,0.344,0.4,0.7,0.569,0.611,3.4,3.6,0.95,0.8,0.7,1.5,2.7,0.2,0.1,0.1,1.3,4.5
149,Herb Davis\davishe01,SG,30,SAS,57,50,24.7,3.6,6.4,0.562,1.0,2.1,0.471,2.6,4.3,0.602,0.641,1.2,1.4,0.83,1.8,4.7,6.5,1.8,0.1,0.9,0.2,2.2,9.4
150,Trey Jackson\jackstr01,PG,20,MIA,15,3,17.1,5.9,13.5,0.437,3.0,7.6,0.398,2.9,5.9,0.497,0.548,2.5,3.7,0.682,0.5,1.6,2.1,3.5,0.1,1.0,1.5,1.3,17.3
151,Marcus White\whitema01,SF,28,CLE,51,9,4.1,5.4,13.4,0.403,0.2,0.6,0.379,5.2,12.8,0.409,0.41,1.3,1.7,0.775,5.0,0.7,5.7,2.3,0.7,0.8,0.9,1.7,12.3
152,Nic Perez\perezni01,C,28,NYK,47,13,14.1,5.4,12.7,0.425,2.0,6.8,0.289,3.4,5.9,0.573,0.504,0.6,0.8,0.79,1.1,1.2,2.3,1.1,0.8,0.8,1.2,2.1,13.4
153,Bennedict Hall\hallbe01,PG,25,LAL,70,67,19.5,0.7,1.8,0.389,0.4,1.1,0.321,0.3,0.7,0.493,0.5,2.3,2.9,0.8,2.8,6.4,9.2,1.2,0.1,0.4,2.0,3.1,4.1
154,Tre Hall\halltr01,PF,31,CHA,3,0,14.6,2.2,5.5,0.4,0.6,1.9,0.318,1.6,3.6,0.456,0.455,4.4,5.4,0.814,0.9,2.6,3.5,0.6,0.6,0.3,2.3,1.8,9.4
155,Luke Mitchell\mitchlu01,SG,32,PHI,3,2,27.4,7.7,20.0,0.385,4.2,13.3,0.317,3.5,6.7,0.516,0.49,3.2,4.1,0.788,0.1,0.5,0.6,1.2,0.5,0.5,0.9,2.3,22.8
156,Nic Lee\leeni01,PF,31,HOU,58,54,16.3,4.7,10.8,0.435,2.0,5.8,0.349,2.7,5.0,0.533,0.528,0.4,0.5,0.822,0.6,4.2,4.8,0.7,0.3,0.1,1.4,1.7,11.8
157,Precious Davis\davispr01,SG,31,MIN,6,2,21.3,0.7,1.9,0.368,0.4,1.2,0.31,0.3,0.7,0.442,0.474,1.6,2.0,0.778,5.0,0.4,5.4,1.3,0.9,0.1,0.1,3.1,3.4
158,Javonte Clark\clarkja01,SG,28,TOR,2,0,23.8,1.7,4.3,0.395,1.3,3.6,0.365,0.4,0.7,0.503,0.547,6.6,10.6,0.625,0.2,0.8,1.0,4.3,0.2,0.4,0.2,1.5,11.3
159,David Walker\walkeda01,PF,34,MIN,4,3,36.0,3.0,9.8,0.306,1.2,5.4,0.214,1.8,4.4,0.42,0.367,0.9,1.4,0.62,0.3,0.3,0.6,1.9,0.8,0.7,0.8,2.3,8.1
160,Walker Gonzalez\gonzawa01,C,34,MIA,51,8,25.6,1.4,3.5,0.4,0.8,2.3,0.363,0.6,1.2,0.465,0.514,4.8,5.9,0.822,0.2,1.5,1.7,1.4,0.2,2.1,1.1,2.3,8.4
161,Precious Lewis\lewispr01,SG,37,WAS,23,16,12.7,0.9,3.7,0.243,0.7,3.2,0.23,0.2,0.5,0.397,0.338,1.2,1.3,0.901,0.2,1.2,1.4,0.8,1.7,0.1,2.7,1.3,3.7
162,Mike Wright\wrighmi01,C,32,DET,51,49,33.7,9.7,20.0,0.485,4.2,9.9,0.428,5.5,10.1,0.544,0.59,0.5,0.8,0.658,0.2,2.9,3.1,2.3,0.2,0.0,1.5,1.2,24.1
163,David Scott\scottda01,SF,34,NOP,64,23,20.9,0.7,1.5,0.467,0.2,0.6,0.402,0.5,0.9,0.58,0.533,1.6,2.1,0.741,2.3,0.2,2.5,3.4,0.5,0.7,0.8,1.8,3.2
164,Luke Scott\scottlu01,SF,36,NYK,30,2,21.9,2.1,5.1,0.412,0.4,1.8,0.225,1.7,3.3,0.528,0.451,1.2,1.9,0.643,2.4,2.3,4.7,1.5,1.1,0.1,1.4,2.3,5.8
165,David Hall\hallda01,PF,31,PHO,24,12,8.7,7.5,13.2,0.568,0.5,1.2,0.414,7.0,12.0,0.584,0.587,1.9,2.3,0.819,0.3,6.2,6.5,0.4,0.0,0.3,1.3,3.3,17.4
166,Luke Williams\willilu01,SF,38,LAC,44,32,16.8,1.1,2.7,0.407,0.6,1.4,0.427,0.5,1.3,0.394,0.519,4.5,6.1,0.731,0.1,2.5,2.6,4.1,0.1,1.0,1.7,1.2,7.3
167,Bennedict Nelson\nelsobe01,C,27,LAL,36,17,21.7,6.7,12.7,0.528,1.3,3.7,0.342,5.4,9.0,0.597,0.579,1.9,3.1,0.62,0.3,0.1,0.4,0.5,0.4,0.0,1.5,2.0,16.6
168,Trey Walker\walketr01,SF,38,POR,8,2,5.5,0.6,1.4,0.429,0.2,0.6,0.327,0.4,0.8,0.466,0.5,2.9,3.7,0.779,1.8,2.8,4.6,2.6,0.2,0.7,2.1,2.1,4.3
169,Kessler Smith\smithke01,SF,37,ATL,59,24,16.3,2.7,5.1,0.529,0.5,1.1,0.448,2.2,4.0,0.557,0.578,8.6,11.9,0.724,0.6,2.2,2.8,2.2,0.0,0.5,0.5,1.5,14.5
170,Obi Scott\scottob01,SF,31,ATL,6,4,19.7,0.3,0.5,0.6,0.1,0.2,0.401,0.2,0.3,0.507,0.7,1.0,1.4,0.75,0.1,2.4,2.5,2.9,1.1,0.1,0.3,1.8,1.7
171,Quentin Green\greenqu01,SF,28,UTA,38,9,12.8,1.1,3.3,0.333,0.5,2.2,0.215,0.6,1.1,0.53,0.409,0.2,0.2,0.827,1.4,0.6,2.0,0.3,0.2,1.1,1.2,1.3,2.9
172,Obi Jackson\jacksob01,PG,23,NYK,50,25,32.2,0.5,1.0,0.5,0.1,0.2,0.462,0.4,0.8,0.547,0.55,0.2,0.3,0.753,1.2,3.6,4.8,3.1,0.1,0.6,0.7,1.8,1.3
173,Deni Clark\clarkde01,SG,36,GSW,77,9,34.4,4.9,9.8,0.5,0.6,2.2,0.282,4.3,7.6,0.56,0.531,4.8,6.2,0.774,2.5,10.1,12.6,1.2,1.6,0.2,0.6,2.2,15.2
174,Herb Garcia\garcihe01,SF,33,OKC,50,36,7.2,2.1,3.8,0.553,1.1,2.2,0.51,1.0,1.6,0.605,0.697,0.9,1.7,0.553,1.2,1.4,2.6,0.9,1.5,0.7,2.2,2.7,6.2
175,David Williams\willida01,SF,29,LAL,58,40,2.0,2.4,6.4,0.375,0.9,2.6,0.34,1.5,3.8,0.394,0.445,1.1,1.2,0.953,1.7,0.1,1.8,0.3,0.0,0.2,1.0,1.8,6.8
176,Miles Wilson\wilsomi01,PF,21,DAL,14,2,6.9,6.8,14.6,0.466,2.0,4.8,0.422,4.8,9.8,0.49,0.534,3.9,4.4,0.881,1.3,0.4,1.7,0.6,0.6,0.1,0.4,1.8,19.5
177,Miles Walker\walkemi01,C,30,MEM,4,0,31.7,0.2,0.5,0.4,0.1,0.2,0.373,0.1,0.3,0.392,0.5,3.8,4.3,0.874,0.2,2.1,2.3,0.3,0.2,0.4,4.9,2.9,4.3
178,Marcus Moore\moorema01,SG,36,HOU,62,19,8.5,8.9,19.2,0.464,0.9,2.2,0.392,8.0,17.0,0.468,0.487,1.1,1.4,0.76,1.0,2.1,3.1,0.3,0.1,0.7,1.1,0.8,19.8
179,Darius Thomas\thomada01,PF,24,CHI,79,25,17.4,2.0,4.0,0.5,0.1,0.3,0.335,1.9,3.7,0.519,0.512,0.6,1.3,0.466,0.4,3.0,3.4,3.0,0.7,0.6,0.0,0.7,4.7
180,Tre Clark\clarktr01,PG,23,NYK,16,4,32.0,2.1,4.4,0.477,0.4,1.3,0.316,1.7,3.1,0.539,0.523,4.8,5.4,0.889,0.4,2.2,2.6,3.7,0.4,0.1,4.5,2.0,9.4
181,Herb Lewis\lewishe01,SG,38,CHI,58,44,25.8,4.5,8.3,0.542,0.8,2.5,0.326,3.7,5.8,0.643,0.59,0.3,0.4,0.813,0.2,0.3,0.5,3.4,0.9,0.3,0.7,1.4,10.1
182,Josh Allen\allenjo01,PF,31,SAS,68,2,28.3,4.4,10.1,0.436,3.3,7.9,0.412,1.1,2.2,0.52,0.599,2.6,2.9,0.913,0.4,4.2,4.6,0.2,0.0,0.3,0.3,2.7,14.7
183,Andre Thomas\thomaan01,PF,31,UTA,14,2,20.3,0.6,1.1,0.545,0.3,0.6,0.454,0.3,0.5,0.512,0.682,4.5,5.9,0.762,0.8,0.9,1.7,0.3,0.9,0.2,0.0,2.1,6.0
184,Bennedict Carter\cartebe01,C,33,PHO,23,15,36.0,2.6,7.1,0.366,0.7,3.2,0.233,1.9,3.9,0.48,0.415,5.6,6.6,0.848,1.8,1.9,3.7,2.1,0.4,1.2,1.1,1.8,11.5
185,Herb Jackson\jackshe01,PG,30,LAC,73,12,15.6,8.3,20.0,0.415,1.2,3.4,0.356,7.1,16.6,0.429,0.445,0.7,0.8,0.839,0.7,2.2,2.9,4.6,0.6,0.0,3.2,3.3,18.5
186,David Garcia\garcida01,SF,26,TOR,8,6,8.6,0.8,2.1,0.381,0.2,0.6,0.363,0.6,1.5,0.431,0.429,0.8,1.0,0.76,0.3,0.1,0.4,1.0,0.4,1.5,1.8,3.1,2.6
187,Bennedict Lopez\lopezbe01,PG,31,PHI,38,30,20.6,1.5,2.8,0.536,0.6,1.3,0.43,0.9,1.5,0.569,0.643,0.7,0.8,0.843,0.7,0.4,1.1,0.8,0.7,0.1,2.5,0.4,4.3
188,Matisse Adams\adamsma01,SG,24,DET,43,34,36.0,1.2,2.5,0.48,0.3,1.0,0.276,0.9,1.5,0.567,0.54,1.8,2.1,0.85,0.7,3.8,4.5,1.7,1.1,1.6,1.6,2.4,4.5
189,Nic Brown\brownni01,PG,24,CHA,80,50,33.9,1.1,2.6,0.423,0.7,1.8,0.372,0.4,0.8,0.561,0.558,2.1,2.4,0.857,0.7,3.2,3.9,0.9,0.1,0.0,0.5,2.8,5.0
190,Andre Nelson\nelsoan01,C,36,GSW,48,2,17.2,9.5,18.1,0.525,1.7,4.7,0.36,7.8,13.4,0.58,0.572,2.4,4.4,0.549,1.0,4.9,5.9,3.4,0.7,0.4,2.7,1.4,23.1
191,Herb Williams\willihe01,SF,29,MIA,72,69,5.0,4.8,11.3,0.425,3.4,8.5,0.395,1.4,2.8,0.517,0.575,0.5,0.7,0.738,1.4,2.1,3.5,1.1,1.3,1.0,0.5,1.6,13.5
192,Herb Perez\perezhe01,PG,25,HOU,77,9,20.1,6.4,13.5,0.474,2.2,5.6,0.396,4.2,7.9,0.528,0.556,0.4,0.5,0.765,0.0,0.5,0.5,0.2,0.3,1.0,2.8,1.7,15.4
193,Drew Nelson\nelsodr01,PF,37,BRK,34,1,24.2,3.6,11.5,0.313,2.4,8.1,0.297,1.2,3.4,0.353,0.417,1.4,1.8,0.792,1.0,6.8,7.8,0.2,0.0,0.4,4.5,1.7,11.0
194,Kevin Smith\smithke01,PF,23,NOP,19,9,25.1,2.6,4.8,0.542,0.4,0.7,0.509,2.2,4.1,0.548,0.583,0.2,0.2,0.91,0.1,1.1,1.2,0.2,0.4,0.2,0.6,3.4,5.8
195,Derrick Taylor\taylode01,C,38,BOS,47,43,18.6,0.2,0.5,0.4,0.1,0.3,0.335,0.1,0.2,0.547,0.5,1.5,2.7,0.545,1.4,4.1,5.5,2.9,3.0,0.0,4.3,2.8,2.0
196,Ja Allen\allenja01,PG,37,MIL,36,12,10.3,7.4,16.1,0.46,1.7,4.2,0.4,5.7,11.9,0.483,0.512,0.1,0.1,0.779,0.4,4.6,5.0,0.4,0.6,0.0,0.8,1.1,16.6
197,Brandon Nelson\nelsobr01,C,33,TOR,76,59,14.7,1.8,4.0,0.45,0.7,1.9,0.371,1.1,2.1,0.542,0.538,1.4,1.9,0.729,0.1,3.5,3.6,2.1,0.4,0.5,1.6,1.6,5.7
198,Quentin Scott\scottqu01,SF,33,DET,58,27,23.2,3.1,6.3,0.492,0.5,1.6,0.308,2.6,4.7,0.562,0.532,1.2,1.5,0.782,0.5,0.1,0.6,0.1,0.4,0.1,2.8,2.2,7.9
199,Javonte Harris\harrija01,SG,27,MIN,47,4,32.2,4.6,11.7,0.393,3.0,8.7,0.341,1.6,3.0,0.543,0.521,5.2,6.3,0.823,0.3,0.2,0.5,1.6,0.7,0.3,2.6,2.8,17.4
200,Deni King\kingde01,SG,37,IND,56,35,28.9,4.5,10.0,0.45,1.2,2.9,0.402,3.3,7.1,0.47,0.51,0.3,0.3,0.881,1.7,2.1,3.8,0.1,0.4,0.3,0.4,1.4,10.5
201,Kevin Clark\clarkke01,PG,38,PHI,52,50,17.3,5.4,14.0,0.386,3.2,8.2,0.389,2.2,5.8,0.374,0.5,3.0,3.5,0.858,2.6,1.0,3.6,4.9,0.3,0.1,0.1,1.6,17.0
202,Herb Baker\bakerhe01,C,30,UTA,38,26,17.6,7.9,15.8,0.5,4.7,8.8,0.538,3.2,7.0,0.46,0.649,2.3,4.3,0.546,0.2,3.0,3.2,0.2,0.1,0.0,0.3,1.9,22.8
203,James Scott\scottja01,PF,36,UTA,31,20,30.3,4.4,10.7,0.411,2.5,6.6,0.385,1.9,4.1,0.454,0.528,0.1,0.1,0.763,1.6,0.7,2.3,0.3,0.1,1.4,2.6,1.0,11.4
204,Kessler Scott\scottke01,PG,33,CLE,13,7,29.4,0.9,1.9,0.474,0.2,0.5,0.36,0.7,1.4,0.522,0.526,1.8,2.3,0.771,0.5,2.5,3.0,0.4,0.1,0.1,0.8,2.8,3.8
205,Ryan Davis\davisry01,PG,30,OKC,73,7,24.1,3.6,8.6,0.419,3.1,7.4,0.413,0.5,1.2,0.406,0.599,1.8,2.4,0.739,0.6,0.0,0.6,5.6,0.6,0.8,0.3,2.5,12.1
206,Obi Martin\martiob01,PG,29,DEN,68,27,2.0,6.1,19.5,0.313,1.4,6.2,0.23,4.7,13.3,0.35,0.349,1.1,1.5,0.721,0.0,0.3,0.3,1.8,0.0,0.3,0.4,2.2,14.7
207,Ryan Nelson\nelsory01,SG,33,BRK,4,0,6.9,1.3,3.4,0.382,1.0,2.8,0.373,0.3,0.6,0.453,0.529,1.2,1.4,0.875,0.2,0.8,1.0,0.2,0.7,0.2,0.8,2.2,4.8
208,Precious Martin\martipr01,PG,29,ORL,25,14,26.2,0.1,0.5,0.2,0.0,0.2,0.226,0.1,0.3,0.419,0.2,1.0,1.6,0.615,0.1,11.0,11.1,1.0,0.1,0.8,4.1,2.2,1.2
209,Drew Anderson\anderdr01,SG,20,LAL,4,2,29.9,10.1,20.0,0.505,1.6,5.1,0.323,8.5,14.9,0.57,0.545,3.0,3.6,0.833,0.1,0.5,0.6,2.3,0.3,0.2,0.8,1.9,24.8
210,Aaron Adams\adamsaa01,C,38,NYK,10,0,23.8,0.3,0.7,0.429,0.1,0.3,0.32,0.2,0.4,0.388,0.5,2.8,3.7,0.751,0.6,5.9,6.5,1.2,0.9,1.1,1.1,2.5,3.5
211,Kessler King\kingke01,C,21,CHI,53,23,20.6,1.0,1.9,0.526,0.0,0.1,0.283,1.0,1.8,0.541,0.526,0.0,0.0,0.718,1.9,0.6,2.5,0.2,0.3,1.8,4.6,0.7,2.0
212,Miles Clark\clarkmi01,C,26,TOR,66,49,19.5,5.1,14.6,0.349,4.3,12.6,0.341,0.8,2.0,0.411,0.497,0.5,1.0,0.496,0.0,6.3,6.3,1.2,0.4,0.5,1.0,1.8,15.0
213,Precious Moore\moorepr01,PG,35,MEM,34,11,22.9,1.4,3.3,0.424,1.2,3.0,0.389,0.2,0.3,0.549,0.606,0.3,0.4,0.786,1.3,5.9,7.2,0.4,0.4,0.1,0.4,2.8,4.3
214,Quentin Garcia\garciqu01,C,27,PHO,60,37,6.4,3.5,8.7,0.402,1.6,5.4,0.292,1.9,3.3,0.586,0.494,0.2,0.2,0.777,0.2,2.7,2.9,1.5,0.1,0.1,0.7,2.2,8.8
215,Bennedict Wright\wrighbe01,SG,22,BOS,8,2,13.2,5.9,14.3,0.413,2.8,8.5,0.331,3.1,5.8,0.542,0.51,0.3,0.3,0.937,0.4,0.6,1.0,1.1,0.4,0.3,0.9,2.5,14.9
216,Shake Wright\wrighsh01,SG,35,LAC,82,5,24.8,1.6,4.2,0.381,0.9,2.7,0.348,0.7,1.5,0.496,0.488,8.0,8.9,0.895,1.0,0.7,1.7,1.6,0.6,0.0,2.8,0.9,12.1
217,Jordan King\kingjo01,PG,38,SAC,1,0,16.9,3.8,10.5,0.362,1.0,4.4,0.238,2.8,6.1,0.459,0.41,2.5,3.4,0.722,1.6,0.6,2.2,1.0,2.2,0.2,0.4,1.8,11.1
218,Ryan Walker\walkery01,C,26,NOP,40,0,18.0,3.3,7.1,0.465,2.0,4.4,0.459,1.3,2.7,0.482,0.606,0.3,0.4,0.853,0.1,1.6,1.7,1.8,0.6,0.5,3.2,1.7,8.9
219,Ryan King\kingry01,SF,36,DEN,16,0,19.2,3.8,7.3,0.521,0.2,0.7,0.316,3.6,6.6,0.538,0.534,6.5,6.5,1.0,0.2,1.1,1.3,0.8,0.2,0.2,0.9,1.4,14.3
220,Javonte Gonzalez\gonzaja01,SG,36,CLE,21,14,22.8,8.3,16.3,0.509,1.3,3.8,0.354,7.0,12.5,0.558,0.549,1.0,2.1,0.492,2.3,1.1,3.4,1.9,0.4,0.1,1.2,0.8,18.9
221,Ja Hill\hillja01,SF,31,MIN,27,5,14.6,6.4,15.5,0.413,1.8,6.2,0.292,4.6,9.3,0.5,0.471,1.1,1.4,0.755,0.3,6.8,7.1,0.2,0.3,0.6,0.0,1.6,15.7
222,Marcus Walker\walkema01,PG,33,DEN,68,58,9.8,2.7,6.0,0.45,0.9,3.1,0.276,1.8,2.9,0.632,0.525,1.1,1.4,0.804,0.7,0.1,0.8,1.7,0.1,1.0,0.6,1.8,7.4
223,Drew Lee\leedr01,PF,29,PHO,30,23,22.3,0.5,1.3,0.385,0.2,0.6,0.364,0.3,0.7,0.376,0.462,1.0,1.1,0.947,0.1,1.2,1.3,3.4,0.2,0.1,0.8,2.9,2.2
224,Kevin Carter\carteke01,SG,24,SAC,33,24,4.0,4.7,12.0,0.392,0.8,2.0,0.379,3.9,10.0,0.387,0.425,4.8,6.7,0.716,0.1,1.4,1.5,0.0,0.2,0.2,3.4,1.1,15.0
225,Derrick Mitchell\mitchde01,SG,30,NOP,77,51,18.0,1.3,3.9,0.333,0.7,2.2,0.33,0.6,1.7,0.37,0.423,6.0,8.0,0.745,2.7,2.4,5.1,2.8,2.4,1.4,1.4,1.9,9.3
226,David Harris\harrida01,C,35,MIN,61,56,6.6,1.5,4.4,0.341,0.4,1.4,0.276,1.1,3.0,0.364,0.386,2.4,3.4,0.701,0.2,3.0,3.2,2.7,1.7,0.1,2.4,1.8,5.8
227,Kessler Thomas\thomake01,PG,20,MIL,3,1,29.2,2.7,5.9,0.458,1.4,3.4,0.42,1.3,2.5,0.52,0.576,3.8,4.5,0.842,1.2,3.9,5.1,1.9,1.2,0.3,0.6,2.2,10.6
228,Deni White\whitede01,PG,32,MIA,49,13,36.0,2.3,5.0,0.46,0.3,0.8,0.36,2.0,4.2,0.479,0.49,0.8,0.9,0.911,0.3,5.0,5.3,2.9,0.5,1.5,2.1,2.1,5.7
229,James Carter\carteja01,C,24,DAL,70,49,9.0,0.8,1.7,0.471,0.6,1.3,0.496,0.2,0.4,0.453,0.647,2.2,3.0,0.735,1.0,0.5,1.5,2.3,0.9,0.5,5.0,1.7,4.4
230,Quentin Perez\perezqu01,PG,21,GSW,53,6,27.8,2.7,8.4,0.321,0.9,3.5,0.252,1.8,4.9,0.369,0.375,0.2,0.3,0.75,0.1,8.9,9.0,1.9,1.9,0.0,2.5,0.8,6.5
231,Chris Williams\willich01,PG,21,DAL,82,24,15.1,7.5,15.9,0.472,2.4,6.2,0.392,5.1,9.7,0.529,0.547,1.7,2.1,0.828,0.2,8.1,8.3,0.2,1.4,0.0,0.2,1.5,19.1
232,Marcus King\kingma01,PG,25,DET,4,0,14.0,1.6,4.1,0.39,0.8,2.5,0.334,0.8,1.6,0.485,0.488,1.9,2.9,0.659,1.2,1.2,2.4,2.4,1.1,0.1,0.1,2.6,5.9
233,Kessler Brown\brownke01,SG,34,IND,81,77,15.3,2.6,6.0,0.433,1.6,4.0,0.393,1.0,2.0,0.481,0.567,0.7,1.0,0.657,0.4,0.7,1.1,3.1,0.7,0.4,3.7,2.4,7.5
234,Tyler Jackson\jacksty01,PG,20,OKC,19,5,22.8,5.9,16.0,0.369,4.9,13.9,0.35,1.0,2.1,0.467,0.522,5.5,8.5,0.645,1.0,3.4,4.4,0.2,0.6,1.3,0.4,2.1,22.2
235,Kessler Adams\adamske01,C,21,LAL,41,35,25.2,0.6,1.5,0.4,0.1,0.4,0.275,0.5,1.1,0.466,0.433,5.0,5.1,0.972,0.2,1.3,1.5,0.5,0.5,0.2,2.5,1.2,6.3
236,Naz Mitchell\mitchna01,C,23,GSW,63,56,13.2,1.9,3.3,0.576,0.3,0.8,0.355,1.6,2.5,0.624,0.621,3.8,4.9,0.782,0.4,0.2,0.6,0.3,0.2,1.3,0.1,3.8,7.9
237,Aaron Harris\harriaa01,PF,32,ORL,70,35,13.8,2.3,5.0,0.46,1.0,2.7,0.361,1.3,2.3,0.577,0.56,1.4,1.7,0.843,1.0,2.2,3.2,4.6,0.1,2.1,0.9,2.8,7.0
238,Tre Wright\wrightr01,C,31,POR,61,45,29.5,0.8,1.5,0.533,0.5,1.0,0.458,0.3,0.5,0.646,0.7,10.8,12.0,0.904,1.1,2.5,3.6,0.5,0.0,0.9,1.4,0.6,12.9
239,Jaden Thompson\thompja01,SF,31,IND,34,10,32.0,0.7,1.5,0.467,0.1,0.4,0.328,0.6,1.1,0.584,0.5,3.4,4.6,0.743,1.7,2.3,4.0,0.6,1.0,0.7,1.6,2.5,4.9
240,Ja Smith\smithja01,PG,32,WAS,58,23,10.0,2.6,7.3,0.356,1.6,5.2,0.316,1.0,2.1,0.454,0.466,2.3,2.9,0.793,0.5,1.3,1.8,0.8,0.5,0.0,1.9,3.0,9.1
241,Drew Lopez\lopezdr01,PF,34,SAC,68,61,16.6,10.2,20.0,0.51,2.7,7.7,0.351,7.5,12.3,0.606,0.577,1.4,1.8,0.755,0.1,0.1,0.2,2.5,0.5,1.0,0.6,2.0,24.5
242,Bennedict Miller\millebe01,SF,36,ATL,25,23,28.7,0.2,0.5,0.4,0.1,0.3,0.257,0.1,0.2,0.617,0.5,0.3,0.5,0.602,0.4,7.4,7.8,1.1,0.0,0.1,0.0,2.7,0.8
243,Mike Scott\scottmi01,PF,37,PHI,10,0,36.0,2.1,4.4,0.477,0.7,2.0,0.328,1.4,2.4,0.568,0.557,2.3,2.9,0.801,0.8,0.9,1.7,2.2,0.6,0.1,0.9,2.3,7.2
244,Chris Wilson\wilsoch01,SF,32,NYK,75,61,21.7,1.2,3.1,0.387,0.8,2.3,0.341,0.4,0.8,0.559,0.516,0.5,0.7,0.717,1.5,1.1,2.6,0.1,0.5,0.0,0.3,2.3,3.7
245,Precious Lopez\lopezpr01,PG,27,ORL,75,59,24.0,6.0,14.5,0.414,4.0,11.1,0.361,2.0,3.4,0.587,0.552,2.7,3.6,0.746,2.3,0.3,2.6,0.5,0.3,0.8,1.6,3.3,18.7
246,Matisse Williams\willima01,C,25,MEM,40,17,11.5,1.8,4.7,0.383,0.9,3.2,0.292,0.9,1.5,0.601,0.479,0.1,0.1,0.924,0.9,3.9,4.8,1.0,0.3,0.2,0.6,1.7,4.6
247,Marcus Martin\martima01,PF,20,WAS,4,0,28.9,1.5,4.4,0.341,0.6,2.4,0.249,0.9,2.0,0.461,0.409,0.6,0.8,0.705,0.2,0.7,0.9,0.4,0.0,0.1,0.2,1.6,4.2
248,David Adams\adamsda01,PG,27,DEN,27,12,24.0,8.6,16.8,0.512,2.7,7.3,0.374,5.9,9.5,0.618,0.592,0.7,0.7,1.0,0.1,1.2,1.3,0.0,0.0,0.6,0.7,2.3,20.6
249,Shake Clark\clarksh01,C,22,SAC,77,50,16.4,2.2,5.7,0.386,1.0,3.5,0.297,1.2,2.2,0.567,0.474,2.8,3.2,0.875,1.4,1.2,2.6,1.0,0.0,2.6,1.4,2.2,8.2
250,Walker Lewis\lewiswa01,PG,34,OKC,23,3,19.7,3.7,10.5,0.352,1.3,5.9,0.214,2.4,4.6,0.521,0.414,2.6,3.0,0.869,0.8,0.5,1.3,0.5,2.3,0.2,0.1,1.9,11.3
251,Quentin Hernandez\hernaqu01,SG,33,BOS,64,36,36.0,2.1,5.4,0.389,1.1,3.3,0.345,1.0,2.1,0.495,0.491,6.4,7.1,0.907,0.1,1.1,1.2,0.7,0.0,0.8,5.0,3.1,11.7
252,Luke Johnson\johnslu01,C,37,IND,35,31,33.4,5.8,16.9,0.343,2.7,8.8,0.308,3.1,8.1,0.387,0.423,1.7,2.9,0.597,0.9,2.8,3.7,0.7,0.5,1.0,0.7,1.7,16.0
253,Tyler Moore\moorety01,SF,36,DAL,63,9,33.5,3.1,6.8,0.456,0.9,2.9,0.314,2.2,3.9,0.552,0.522,0.3,0.4,0.722,0.7,3.5,4.2,0.4,0.2,1.0,0.9,2.9,7.4
254,Andre Scott\scottan01,C,35,OKC,78,53,11.5,1.4,3.1,0.452,0.6,1.4,0.423,0.8,1.7,0.459,0.548,0.5,0.6,0.758,0.0,0.5,0.5,1.0,0.0,1.0,0.1,2.4,3.9
255,Quentin Johnson\johnsqu01,C,28,CLE,44,17,8.6,0.2,0.5,0.4,0.0,0.1,0.306,0.2,0.4,0.511,0.4,0.6,0.9,0.69,1.0,1.6,2.6,0.6,0.2,0.2,3.3,2.2,1.0
256,Mike Smith\smithmi01,PG,29,BRK,30,23,5.4,1.0,2.5,0.4,0.6,1.5,0.406,0.4,1.0,0.395,0.52,1.2,1.8,0.651,0.1,0.5,0.6,1.2,0.0,0.0,1.0,1.7,3.8
257,Josh Clark\clarkjo01,C,34,NOP,39,23,25.4,4.4,9.7,0.454,1.6,4.2,0.387,2.8,5.5,0.518,0.536,0.1,0.2,0.716,0.3,2.2,2.5,0.7,1.3,0.5,0.3,1.3,10.5
258,Gary Nelson\nelsoga01,C,34,BOS,58,23,9.1,5.0,13.0,0.385,2.9,8.5,0.34,2.1,4.5,0.464,0.496,6.0,6.9,0.875,1.3,3.6,4.9,0.9,0.1,0.2,0.3,1.4,18.9
259,Jordan Johnson\johnsjo01,SG,34,PHO,48,23,10.2,3.4,11.5,0.296,1.2,3.9,0.297,2.2,7.6,0.286,0.348,1.5,1.7,0.857,0.1,0.3,0.4,2.5,0.5,0.7,4.1,2.9,9.5
260,Mike Allen\allenmi01,PG,33,PHO,38,2,30.3,0.2,0.5,0.4,0.1,0.3,0.454,0.1,0.2,0.479,0.5,6.3,7.9,0.793,0.1,1.8,1.9,2.8,0.2,0.4,0.1,1.8,6.8
261,Deni Thomas\thomade01,PG,36,GSW,57,42,3.0,8.2,20.0,0.41,3.7,10.9,0.34,4.5,9.1,0.49,0.502,0.4,0.5,0.795,0.2,0.9,1.1,1.8,0.2,1.0,4.4,1.8,20.5
262,Matisse Green\greenma01,C,23,CHA,6,1,24.4,4.3,8.8,0.489,1.5,3.9,0.386,2.8,4.9,0.565,0.574,2.5,2.9,0.862,0.0,2.3,2.3,3.6,0.7,0.2,0.4,1.0,12.6
263,Andre Jones\jonesan01,PF,34,MEM,36,34,8.7,2.8,9.5,0.295,1.7,7.4,0.236,1.1,2.1,0.537,0.384,0.6,0.9,0.679,1.7,3.2,4.9,9.6,1.1,0.3,1.4,1.3,7.9
264,Aaron Hernandez\hernaaa01,PG,37,MIA,48,42,20.7,0.2,0.5,0.4,0.0,0.1,0.335,0.2,0.4,0.551,0.4,0.9,1.1,0.786,0.7,0.7,1.4,0.6,1.7,0.9,1.3,1.7,1.3
265,Mike Miller\millemi01,SF,38,GSW,2,0,36.0,0.4,1.0,0.4,0.2,0.5,0.368,0.2,0.5,0.475,0.5,3.8,4.7,0.8,0.6,2.8,3.4,1.1,0.8,0.4,1.9,1.2,4.8
266,Quentin Adams\adamsqu01,SG,36,MEM,64,62,22.8,7.3,20.0,0.365,2.2,8.2,0.27,5.1,11.8,0.43,0.42,0.0,0.0,0.94,0.0,0.1,0.1,1.7,0.7,0.5,3.2,2.6,16.8
267,Ryan Clark\clarkry01,PF,25,WAS,35,12,17.3,2.3,5.5,0.418,1.1,3.0,0.352,1.2,2.5,0.489,0.518,3.3,4.0,0.828,0.3,1.2,1.5,0.4,0.3,0.1,2.2,0.9,9.0
268,Javonte Taylor\tayloja01,SF,30,SAS,77,54,17.7,2.7,6.0,0.45,0.7,2.7,0.277,2.0,3.3,0.603,0.508,5.3,5.9,0.895,0.6,1.1,1.7,2.1,1.2,0.1,0.5,2.7,11.4
269,Kyle Robinson\robinky01,C,38,GSW,1,0,17.6,8.1,15.7,0.516,2.3,4.8,0.476,5.8,10.9,0.534,0.589,2.8,2.8,0.988,1.1,5.0,6.1,2.9,0.7,1.5,0.5,1.3,21.3
270,Nic Gonzalez\gonzani01,SF,35,DET,55,11,14.8,1.3,3.5,0.371,1.0,2.8,0.347,0.3,0.7,0.492,0.514,7.7,10.9,0.708,0.9,0.3,1.2,0.2,0.5,0.9,0.6,0.5,11.3
271,Quentin Mitchell\mitchqu01,PG,21,LAC,82,21,4.5,3.3,9.4,0.351,1.8,6.2,0.293,1.5,3.2,0.467,0.447,2.1,2.6,0.815,0.5,0.5,1.0,3.1,3.0,0.3,1.1,1.9,10.5
272,Miles Lewis\lewismi01,PF,29,TOR,72,64,11.8,8.5,20.0,0.425,3.2,11.1,0.289,5.3,8.9,0.597,0.505,3.0,3.1,0.959,0.9,0.5,1.4,2.4,0.0,0.3,1.2,1.7,23.2
273,Derrick Miller\millede01,PG,32,CLE,1,0,32.0,10.1,20.0,0.505,1.7,6.8,0.25,8.4,13.2,0.637,0.548,0.0,0.0,0.548,1.2,2.4,3.6,1.1,0.3,0.7,0.1,2.3,21.9
274,Herb Anderson\anderhe01,C,33,SAC,57,22,31.0,8.1,20.0,0.405,3.1,11.4,0.273,5.0,8.6,0.583,0.483,0.9,1.2,0.71,3.7,0.3,4.0,8.3,0.5,0.0,3.6,1.2,20.2
275,Obi Garcia\garciob01,SF,31,MIL,7,3,25.4,0.2,0.5,0.4,0.1,0.2,0.284,0.1,0.3,0.453,0.5,0.6,0.6,1.0,0.5,0.1,0.6,3.7,1.7,1.4,0.2,2.1,1.1
276,Darius Jackson\jacksda01,PG,21,PHO,49,33,19.3,2.7,6.7,0.403,1.0,2.9,0.338,1.7,3.8,0.442,0.478,5.7,5.7,1.0,0.7,0.6,1.3,7.8,1.4,0.0,0.7,2.8,12.1
277,Javonte Mitchell\mitchja01,PG,34,NYK,19,5,25.4,0.4,1.0,0.4,0.0,0.1,0.472,0.4,0.9,0.445,0.4,2.1,2.7,0.76,0.4,0.9,1.3,1.9,0.5,0.2,0.4,2.8,2.9
278,Ryan Anderson\anderry01,C,29,SAS,2,0,22.0,1.4,3.2,0.437,0.8,2.2,0.357,0.6,1.0,0.564,0.562,0.3,0.3,0.899,0.5,0.1,0.6,2.5,2.3,0.3,0.7,2.4,3.9
279,Naz Martin\martina01,SG,33,NOP,60,16,25.2,9.4,20.0,0.47,5.0,12.2,0.409,4.4,7.8,0.561,0.595,0.4,0.5,0.727,1.9,0.2,2.1,0.9,0.5,0.7,0.5,3.1,24.2
280,Luke Smith\smithlu01,PG,20,PHO,1,0,33.7,5.7,12.5,0.456,1.0,3.1,0.319,4.7,9.4,0.498,0.496,0.9,1.5,0.624,0.5,0.7,1.2,2.7,0.6,0.1,1.1,0.3,13.3
281,Kessler Moore\mooreke01,PF,25,DAL,77,27,31.0,3.9,10.4,0.375,1.0,3.6,0.274,2.9,6.8,0.422,0.423,1.0,1.3,0.769,0.0,0.4,0.4,0.8,0.7,0.2,0.3,1.1,9.8
282,Andre Wright\wrighan01,SG,32,TOR,38,9,16.7,2.6,6.7,0.388,0.8,2.4,0.327,1.8,4.3,0.42,0.448,0.9,1.2,0.783,0.8,1.1,1.9,0.4,0.2,1.3,0.1,1.6,6.9
283,Shake Williams\willish01,PF,35,CHA,12,4,11.9,0.7,1.6,0.437,0.2,0.5,0.444,0.5,1.1,0.452,0.5,1.6,1.9,0.861,0.5,1.1,1.6,0.9,0.8,1.8,0.3,1.2,3.2
284,Jordan Hernandez\hernajo01,PF,32,LAC,75,39,2.0,10.1,19.8,0.51,2.4,6.2,0.383,7.7,13.6,0.563,0.571,1.4,1.8,0.766,0.2,0.8,1.0,1.5,0.1,0.4,2.3,2.9,24.0
285,Naz Green\greenna01,C,33,SAS,44,42,13.1,0.4,1.0,0.4,0.1,0.4,0.31,0.3,0.6,0.485,0.45,1.6,1.7,0.931,0.2,0.3,0.5,0.6,1.3,0.3,4.4,2.7,2.5
286,Tyler Hernandez\hernaty01,PF,36,NYK,12,7,18.9,2.2,4.8,0.458,0.9,2.3,0.373,1.3,2.5,0.51,0.552,0.5,0.7,0.666,0.9,2.7,3.6,3.4,0.3,0.0,4.6,1.6,5.8
287,Isaiah Martin\martiis01,PF,38,NYK,9,0,18.5,0.6,1.1,0.545,0.2,0.5,0.375,0.4,0.6,0.626,0.636,6.4,9.3,0.692,4.1,2.6,6.7,1.5,0.5,0.5,0.7,2.1,7.8
288,Andre Lewis\lewisan01,SF,38,WAS,69,60,19.4,4.4,10.0,0.44,1.8,4.3,0.421,2.6,5.7,0.456,0.53,2.2,2.7,0.8,1.0,0.0,1.0,0.9,0.0,0.5,4.6,1.6,12.8
289,Quentin Jones\jonesqu01,SG,22,UTA,1,0,23.5,4.4,11.5,0.383,2.4,8.4,0.282,2.0,3.1,0.647,0.487,3.4,4.7,0.733,0.3,1.1,1.4,1.3,0.2,1.5,0.2,3.3,14.6
290,Jaden Miller\milleja01,SG,20,LAL,17,8,28.8,3.9,7.8,0.5,2.2,5.0,0.443,1.7,2.8,0.606,0.641,3.3,4.5,0.724,0.1,7.5,7.6,0.5,0.5,0.6,0.1,0.7,13.3
291,Derrick Harris\harride01,PG,31,ORL,19,1,6.0,1.3,3.4,0.382,0.5,1.8,0.278,0.8,1.6,0.52,0.456,2.5,2.5,1.0,0.5,1.3,1.8,0.9,0.6,1.2,0.4,1.8,5.6
292,Nic Green\greenni01,C,23,SAC,8,1,10.9,4.3,8.9,0.483,2.4,6.1,0.388,1.9,2.8,0.671,0.618,2.9,4.4,0.668,0.0,1.6,1.6,2.6,0.4,0.6,5.0,2.3,13.9
293,Quentin Lewis\lewisqu01,SF,22,ATL,7,4,10.9,0.6,1.4,0.429,0.4,0.8,0.445,0.2,0.6,0.356,0.571,2.6,3.1,0.853,0.1,2.3,2.4,2.6,0.9,0.3,0.4,1.4,4.2
294,Naz Adams\adamsna01,SG,36,MIA,66,16,25.9,0.7,1.5,0.467,0.4,1.0,0.352,0.3,0.5,0.516,0.6,0.9,1.2,0.747,2.2,7.7,9.9,1.8,1.1,0.7,4.2,1.9,2.7
295,Quentin Baker\bakerqu01,SF,24,PHI,50,40,36.0,10.4,20.0,0.52,1.2,2.5,0.483,9.2,17.5,0.528,0.55,2.8,4.2,0.678,0.1,5.8,5.9,3.7,0.9,0.9,0.6,3.2,24.8
296,Tyler Walker\walkety01,SF,36,POR,33,6,21.7,5.6,10.9,0.514,1.2,2.7,0.44,4.4,8.2,0.539,0.569,1.6,2.4,0.667,0.2,0.4,0.6,0.8,0.1,3.0,0.3,1.0,14.0
297,Darius Green\greenda01,SG,28,BRK,46,34,23.8,1.9,5.2,0.365,1.0,3.4,0.292,0.9,1.8,0.508,0.462,4.5,5.4,0.83,0.2,4.1,4.3,0.4,1.5,0.4,0.6,1.3,9.3
298,Ryan Lewis\lewisry01,PF,20,POR,73,52,15.3,0.2,0.7,0.286,0.1,0.4,0.23,0.1,0.3,0.439,0.357,0.7,0.9,0.752,1.3,2.9,4.2,1.7,0.1,0.1,1.0,1.1,1.2
299,Drew Brown\browndr01,PG,31,MIA,42,13,11.1,0.2,0.5,0.4,0.0,0.1,0.279,0.2,0.4,0.615,0.4,1.1,1.2,0.922,0.7,0.6,1.3,1.0,0.9,0.1,2.3,1.6,1.5
300,Bennedict Wilson\wilsobe01,PG,33,DEN,4,2,13.8,1.8,4.2,0.429,0.6,2.1,0.266,1.2,2.1,0.548,0.5,1.4,1.8,0.796,1.1,3.0,4.1,3.5,0.3,0.3,0.1,3.5,5.6
301,Nic Mitchell\mitchni01,SG,35,SAS,10,9,34.2,1.3,2.6,0.5,0.5,1.4,0.388,0.8,1.2,0.633,0.596,0.9,1.7,0.506,0.9,2.1,3.0,3.3,0.5,1.1,2.3,2.3,4.0
302,Andre Walker\walkean01,PG,33,HOU,68,17,19.5,4.0,8.8,0.455,1.6,4.4,0.358,2.4,4.4,0.556,0.545,0.0,0.0,0.941,2.6,6.2,8.8,1.1,0.2,0.8,1.7,1.0,9.6
303,Andre Miller\millean01,PG,31,PHI,62,49,18.0,2.0,4.8,0.417,1.3,3.3,0.398,0.7,1.5,0.474,0.552,3.1,3.4,0.899,0.2,0.5,0.7,3.7,3.0,0.3,1.3,1.2,8.4
304,Kevin Robinson\robinke01,SF,23,TOR,61,35,25.5,2.8,8.8,0.318,2.0,6.3,0.312,0.8,2.5,0.312,0.432,3.6,3.6,1.0,0.1,0.7,0.8,1.3,1.3,0.1,0.5,3.2,11.2
305,Javonte Lopez\lopezja01,C,28,BRK,14,3,20.7,1.3,2.8,0.464,0.5,1.2,0.424,0.8,1.6,0.503,0.554,1.8,2.4,0.733,0.2,0.4,0.6,4.7,0.2,0.4,3.2,2.2,4.9
306,Naz Garcia\garcina01,PF,30,NYK,61,29,29.6,3.9,7.5,0.52,1.0,1.9,0.501,2.9,5.6,0.525,0.587,8.3,11.0,0.752,0.2,3.0,3.2,0.2,1.5,0.3,0.8,2.1,17.1
307,Derrick Thompson\thompde01,SG,30,SAS,3,0,19.9,2.9,7.0,0.414,0.8,2.0,0.382,2.1,5.0,0.422,0.471,0.3,0.5,0.55,2.3,1.7,4.0,0.4,2.7,0.3,1.0,1.7,6.9
308,Derrick Lee\leede01,C,32,WAS,38,20,22.5,1.0,2.6,0.385,0.3,1.2,0.242,0.7,1.4,0.522,0.442,2.2,3.2,0.685,0.9,1.9,2.8,2.4,0.3,0.6,1.4,1.5,4.5
309,Precious Thomas\thomapr01,SG,27,DEN,10,5,24.5,2.9,6.9,0.42,1.5,3.8,0.382,1.4,3.1,0.442,0.529,0.9,1.1,0.813,0.8,0.8,1.6,0.5,0.0,0.1,0.8,2.5,8.2
310,Obi Hill\hillob01,SF,22,NYK,1,0,14.5,4.1,8.2,0.5,0.8,2.0,0.421,3.3,6.2,0.532,0.549,1.1,1.4,0.777,0.7,0.9,1.6,3.6,1.8,0.0,4.2,1.7,10.1
311,Precious Hernandez\hernapr01,SG,25,CLE,17,11,16.3,2.1,4.8,0.438,1.2,2.7,0.45,0.9,2.1,0.444,0.563,1.6,2.2,0.731,0.3,0.3,0.6,3.7,0.0,0.6,2.1,2.0,7.0
312,Marcus Hall\hallma01,SF,22,LAC,44,3,25.6,9.5,19.1,0.497,2.6,8.1,0.322,6.9,11.0,0.623,0.565,0.2,0.2,0.907,0.1,4.5,4.6,0.5,0.4,0.5,1.4,2.2,21.8
313,Precious Adams\adamspr01,SG,31,MIA,78,57,21.1,4.4,10.0,0.44,0.8,2.8,0.296,3.6,7.2,0.506,0.48,0.1,0.2,0.745,0.0,0.4,0.4,0.1,0.5,0.2,1.9,1.9,9.7
314,Matisse Davis\davisma01,SF,20,SAC,4,1,14.8,1.3,2.9,0.448,0.6,1.6,0.354,0.7,1.3,0.568,0.552,2.9,3.9,0.746,1.3,6.8,8.1,2.6,0.1,1.1,0.3,2.9,6.1
315,Matisse Lewis\lewisma01,PG,27,DET,73,18,19.8,0.7,1.5,0.467,0.3,0.7,0.359,0.4,0.8,0.454,0.567,4.2,5.3,0.789,2.0,1.3,3.3,0.3,0.3,0.0,0.2,2.8,5.9
316,Kevin King\kingke01,C,23,LAC,47,42,36.0,6.5,13.9,0.468,2.2,4.9,0.445,4.3,9.0,0.477,0.547,2.4,3.4,0.717,0.0,5.4,5.4,0.8,0.0,0.1,1.6,3.2,17.6
317,Gary Perez\perezga01,SF,37,PHI,81,75,18.3,0.2,0.5,0.4,0.1,0.4,0.323,0.1,0.1,0.562,0.5,0.5,0.7,0.733,0.6,1.8,2.4,0.2,0.0,0.2,4.7,4.6,1.0
318,Isaiah Clark\clarkis01,PG,30,CLE,30,9,12.9,2.4,5.7,0.421,0.9,2.4,0.376,1.5,3.3,0.456,0.5,1.1,1.5,0.712,0.4,2.5,2.9,1.1,1.0,0.3,0.9,1.2,6.8
319,Derrick Lewis\lewisde01,SG,26,DEN,57,11,23.6,3.0,6.9,0.435,1.2,3.3,0.352,1.8,3.6,0.494,0.522,2.3,3.4,0.678,1.6,3.5,5.1,1.1,0.6,0.1,2.8,2.1,9.5
320,Josh Gonzalez\gonzajo01,PG,28,BRK,27,13,34.8,0.2,0.6,0.333,0.1,0.3,0.443,0.1,0.3,0.451,0.417,0.1,0.1,0.879,0.3,1.7,2.0,0.6,0.6,0.2,0.7,1.4,0.6
321,Darius Mitchell\mitchda01,SF,31,SAS,1,0,18.2,7.0,18.9,0.37,2.9,8.1,0.356,4.1,10.8,0.38,0.447,1.2,1.4,0.865,0.6,0.8,1.4,0.3,0.5,0.5,0.1,0.8,18.1
322,Herb Jones\joneshe01,SG,29,DEN,75,73,17.7,0.9,1.8,0.5,0.2,0.4,0.389,0.7,1.4,0.529,0.556,0.4,0.6,0.632,0.4,6.7,7.1,7.0,0.6,1.6,0.3,1.2,2.4
323,Jordan Hall\halljo01,PF,36,MIL,79,20,16.0,3.4,8.9,0.382,2.4,7.1,0.337,1.0,1.8,0.562,0.517,0.7,0.9,0.777,1.2,0.5,1.7,0.5,0.4,0.8,2.6,1.8,9.9
324,Ryan Robinson\robinry01,PG,22,PHO,61,52,8.1,1.4,3.4,0.412,0.5,1.4,0.37,0.9,2.0,0.47,0.485,7.9,11.1,0.71,2.8,0.7,3.5,2.4,1.0,0.3,3.4,1.6,11.2
325,Kevin White\whiteke01,PG,22,MIN,82,38,18.9,2.4,4.0,0.6,0.4,1.0,0.407,2.0,3.0,0.667,0.65,3.8,3.9,0.973,0.1,4.3,4.4,0.3,0.6,0.5,1.4,1.8,9.0
326,Ja Lee\leeja01,PF,21,HOU,26,16,29.6,3.9,12.4,0.315,1.9,8.7,0.216,2.0,3.7,0.528,0.391,3.0,3.9,0.757,0.3,9.0,9.3,1.9,1.1,0.1,3.8,2.2,12.7
327,Marcus Harris\harrima01,PG,36,LAC,79,74,23.6,2.7,5.9,0.458,0.5,1.6,0.342,2.2,4.3,0.502,0.5,2.4,3.0,0.814,1.1,3.9,5.0,1.4,0.0,0.8,2.3,1.6,8.3
328,Tyler Gonzalez\gonzaty01,PG,31,MIN,81,40,20.8,6.7,20.0,0.335,3.8,12.5,0.303,2.9,7.5,0.382,0.43,1.2,1.4,0.871,0.5,0.8,1.3,6.6,0.4,1.0,2.6,2.2,18.4
329,Javonte Lewis\lewisja01,SG,30,MIN,32,23,4.5,6.4,20.0,0.32,4.6,15.6,0.296,1.8,4.4,0.418,0.435,0.7,0.8,0.923,0.4,8.4,8.8,3.5,0.5,0.8,0.7,1.9,18.1
330,James Perez\perezja01,SG,21,CHA,34,27,16.6,5.4,11.1,0.486,1.2,3.4,0.366,4.2,7.7,0.54,0.541,0.4,0.6,0.731,0.1,5.0,5.1,0.3,0.4,0.0,0.6,2.7,12.4
331,Herb Hill\hillhe01,SG,27,HOU,81,67,9.7,2.9,6.1,0.475,1.0,2.7,0.365,1.9,3.4,0.558,0.557,0.7,0.9,0.776,1.8,4.6,6.4,2.6,0.3,0.9,0.4,2.3,7.5
332,Jordan Moore\moorejo01,C,35,GSW,58,27,2.0,5.1,10.0,0.51,0.9,2.1,0.413,4.2,7.9,0.529,0.555,2.1,3.1,0.678,0.4,0.1,0.5,0.4,0.3,0.5,3.4,1.4,13.2
333,Luke Davis\davislu01,SF,22,WAS,76,55,14.3,8.1,18.5,0.438,3.7,7.9,0.468,4.4,10.6,0.411,0.538,2.6,3.3,0.798,0.0,2.6,2.6,0.3,0.2,0.3,0.1,2.0,22.5
334,Jordan Clark\clarkjo01,SF,22,POR,68,10,25.1,3.0,9.2,0.326,0.7,2.4,0.29,2.3,6.8,0.335,0.364,2.4,2.8,0.848,0.1,5.0,5.1,1.7,0.0,0.2,1.5,2.1,9.1
335,Obi Davis\davisob01,C,37,LAC,46,2,11.1,9.3,20.0,0.465,0.7,2.1,0.332,8.6,17.9,0.48,0.483,4.8,4.9,0.973,0.2,4.8,5.0,3.8,0.0,0.5,1.4,3.2,24.1
336,Naz Moore\moorena01,C,36,MIN,19,16,12.0,3.4,6.6,0.515,1.3,3.3,0.392,2.1,3.3,0.627,0.614,1.8,2.3,0.802,0.1,0.1,0.2,3.0,1.8,0.2,0.6,1.2,9.9
337,Josh Hall\halljo01,C,25,MIN,49,3,35.5,0.3,0.8,0.375,0.1,0.4,0.363,0.2,0.4,0.55,0.437,3.4,4.6,0.748,1.5,0.6,2.1,9.3,0.2,0.3,1.0,2.7,4.1
338,Brandon Smith\smithbr01,C,38,ATL,1,0,25.8,8.0,15.7,0.51,2.0,4.3,0.468,6.0,11.4,0.527,0.573,4.7,7.9,0.589,0.3,0.4,0.7,0.8,0.5,1.2,0.6,2.7,22.7
339,Drew Lewis\lewisdr01,C,35,MEM,52,40,31.1,2.7,7.1,0.38,1.4,4.8,0.298,1.3,2.3,0.563,0.479,0.4,0.5,0.765,0.7,0.8,1.5,2.3,0.3,3.0,1.0,1.8,7.2
340,Jordan Jones\jonesjo01,PF,35,MIL,43,7,31.6,5.0,11.5,0.435,2.5,6.5,0.39,2.5,5.0,0.506,0.543,2.0,2.1,0.934,0.1,1.5,1.6,1.2,0.1,0.2,0.7,1.8,14.5
341,Marcus Brown\brownma01,PG,26,POR,12,0,25.6,6.7,20.0,0.335,1.6,5.4,0.289,5.1,14.6,0.35,0.375,1.7,2.8,0.605,2.4,0.4,2.8,0.8,0.2,1.0,0.1,1.6,16.7
342,James Green\greenja01,SG,23,MIL,13,4,19.1,9.6,20.0,0.48,4.7,11.0,0.423,4.9,9.0,0.546,0.597,1.5,2.1,0.718,0.2,2.8,3.0,2.0,1.3,1.1,0.2,0.7,25.4
343,Jordan Smith\smithjo01,PG,29,HOU,46,30,23.9,0.2,0.5,0.4,0.1,0.3,0.44,0.1,0.2,0.49,0.5,1.0,1.1,0.871,1.6,6.2,7.8,2.7,1.0,0.3,0.2,2.5,1.5
344,Matisse Thomas\thomama01,SG,37,MIL,34,4,32.8,0.5,1.3,0.385,0.3,0.7,0.365,0.2,0.6,0.319,0.5,0.7,1.2,0.604,0.5,2.7,3.2,3.2,1.4,0.0,1.8,0.0,2.0
345,Marcus Smith\smithma01,SG,37,BOS,20,17,22.0,0.8,1.6,0.5,0.2,0.5,0.367,0.6,1.1,0.564,0.562,2.5,2.9,0.865,0.4,0.2,0.6,1.1,0.3,0.4,1.0,1.5,4.3
346,Ja Young\youngja01,C,23,SAS,49,47,21.0,0.8,3.1,0.258,0.3,1.5,0.212,0.5,1.6,0.311,0.306,4.6,5.1,0.896,1.2,2.1,3.3,0.4,0.7,0.1,0.5,1.1,6.5
347,Ja Robinson\robinja01,PF,28,MIN,32,20,21.5,6.2,13.4,0.463,1.2,4.1,0.304,5.0,9.3,0.533,0.507,1.7,1.8,0.933,0.4,5.9,6.3,0.5,1.5,0.3,0.5,1.6,15.3
348,Javonte Wilson\wilsoja01,PG,35,MEM,82,59,27.9,2.9,7.9,0.367,1.8,5.5,0.319,1.1,2.4,0.469,0.481,0.2,0.2,0.831,1.2,2.9,4.1,0.1,0.2,0.7,1.3,1.9,7.8
349,Javonte Young\youngja01,C,21,ORL,49,8,15.0,3.1,11.5,0.27,0.9,6.7,0.133,2.2,4.8,0.458,0.309,4.0,4.7,0.843,1.1,1.6,2.7,0.4,1.8,0.2,1.6,2.0,11.1
350,Walker Walker\walkewa01,C,21,LAL,14,8,34.8,4.8,11.3,0.425,0.5,1.7,0.316,4.3,9.6,0.453,0.447,6.4,6.4,1.0,2.6,11.0,13.6,0.6,0.2,0.4,0.9,2.2,16.5
351,Josh Carter\cartejo01,SF,37,BOS,78,75,28.3,9.8,20.0,0.49,1.2,3.5,0.345,8.6,16.5,0.524,0.52,0.6,0.7,0.919,0.3,1.7,2.0,0.5,0.7,2.2,3.6,2.2,21.4
352,Chris Carter\cartech01,PG,21,POR,81,75,13.7,6.4,12.7,0.504,1.9,4.5,0.413,4.5,8.2,0.546,0.579,0.6,0.7,0.793,1.9,6.2,8.1,1.0,0.0,0.8,1.6,1.6,15.3
353,Jordan Nelson\nelsojo01,SF,34,ATL,53,18,35.7,0.4,1.0,0.4,0.1,0.5,0.262,0.3,0.5,0.649,0.45,4.5,5.4,0.829,0.4,0.4,0.8,0.3,0.3,0.0,0.9,1.4,5.4
354,Marcus Hill\hillma01,PG,37,LAL,3,2,4.3,5.0,11.2,0.446,3.7,9.0,0.414,1.3,2.2,0.581,0.612,1.7,2.6,0.648,0.8,3.3,4.1,3.0,0.1,0.3,0.9,2.2,15.4
355,Ja Green\greenja01,PF,35,WAS,75,12,2.0,9.0,20.0,0.45,4.3,12.2,0.356,4.7,7.8,0.604,0.558,2.9,2.9,1.0,0.1,4.0,4.1,3.4,0.3,0.8,0.1,3.3,25.2
356,Trey King\kingtr01,SG,38,WAS,69,42,25.0,1.2,2.6,0.462,0.9,1.9,0.452,0.3,0.7,0.41,0.635,2.7,3.9,0.696,0.9,4.0,4.9,2.5,0.3,1.0,0.6,1.8,6.0
357,Jaden Johnson\johnsja01,PF,33,CHA,22,13,12.6,7.8,16.7,0.467,4.0,8.8,0.456,3.8,7.9,0.475,0.587,2.0,2.5,0.8,0.0,1.4,1.4,0.4,0.5,0.7,4.1,0.6,21.6
358,Andre Taylor\tayloan01,SF,21,ATL,60,12,13.9,1.7,3.7,0.459,1.2,2.6,0.468,0.5,1.1,0.499,0.622,2.0,2.1,0.955,0.9,0.3,1.2,2.1,0.2,0.3,0.8,0.0,6.6
359,Kessler Clark\clarkke01,SF,21,PHO,17,5,24.3,3.4,8.1,0.42,1.9,4.9,0.388,1.5,3.2,0.467,0.537,0.8,1.0,0.792,0.3,5.4,5.7,0.8,0.1,0.1,3.4,0.7,9.5
360,Javonte Adams\adamsja01,PG,31,ATL,17,14,29.4,0.8,2.0,0.4,0.3,0.9,0.331,0.5,1.1,0.482,0.475,3.6,3.7,0.972,0.3,2.6,2.9,2.1,0.9,0.3,1.3,3.1,5.5
361,Trey Baker\bakertr01,PG,27,LAL,22,4,36.0,6.7,11.4,0.588,1.1,2.4,0.443,5.6,9.0,0.618,0.636,0.3,0.5,0.677,0.4,4.7,5.1,0.2,1.7,0.7,0.1,2.9,14.8
362,Quentin Hall\hallqu01,PF,24,GSW,32,9,23.9,2.8,5.1,0.549,0.2,0.5,0.348,2.6,4.6,0.568,0.569,5.1,5.1,1.0,1.0,0.9,1.9,1.7,0.2,0.7,1.5,1.0,10.9
363,Kyle Allen\allenky01,SG,26,CLE,81,37,13.1,4.1,7.0,0.586,0.2,0.5,0.333,3.9,6.5,0.605,0.6,2.5,3.1,0.821,1.3,4.0,5.3,0.4,0.0,0.9,1.3,1.2,10.9
364,Herb Allen\allenhe01,SG,22,DET,81,15,24.8,2.3,5.2,0.442,0.7,2.2,0.324,1.6,3.0,0.53,0.51,0.1,0.1,0.875,0.2,1.8,2.0,3.8,0.6,0.9,0.9,1.0,5.4
365,Ja Adams\adamsja01,C,38,NOP,43,20,16.6,2.1,5.1,0.412,0.6,1.8,0.355,1.5,3.3,0.461,0.471,0.7,1.0,0.727,0.7,1.0,1.7,3.1,1.6,0.1,0.6,2.0,5.5
366,Chris Gonzalez\gonzach01,PF,22,DEN,50,17,14.5,3.9,8.2,0.476,1.1,2.9,0.395,2.8,5.3,0.523,0.543,2.9,2.9,0.999,1.0,1.0,2.0,4.0,0.7,1.5,5.0,2.3,11.8
367,Shake Mitchell\mitchsh01,PG,35,DEN,64,27,29.4,4.1,8.1,0.506,1.3,3.1,0.43,2.8,5.0,0.57,0.586,3.0,3.0,1.0,1.0,2.1,3.1,2.8,0.8,0.0,3.4,2.8,12.5
368,Kessler Young\youngke01,C,27,BRK,66,40,31.1,2.4,5.0,0.48,0.2,0.5,0.326,2.2,4.5,0.5,0.5,2.3,4.4,0.522,0.1,0.1,0.2,0.3,0.3,0.6,0.1,3.1,7.3
369,Miles Anderson\andermi01,SG,31,IND,49,42,2.6,1.8,3.6,0.5,0.9,2.2,0.405,0.9,1.4,0.663,0.625,1.6,1.9,0.863,2.8,0.3,3.1,7.9,0.3,0.0,1.0,3.0,6.1
370,Kyle Garcia\garciky01,SG,32,MIL,42,15,28.8,0.2,0.5,0.4,0.1,0.3,0.237,0.1,0.2,0.625,0.5,2.5,2.7,0.91,1.1,2.8,3.9,1.3,0.3,0.7,3.9,2.6,3.0
371,Marcus Thompson\thompma01,PF,24,ORL,11,5,20.8,0.2,0.5,0.4,0.0,0.1,0.334,0.2,0.4,0.528,0.4,0.5,0.6,0.817,0.4,1.1,1.5,3.3,1.1,0.7,0.8,3.1,0.9
372,Kevin Jackson\jackske01,SF,22,CHA,3,0,24.2,10.1,20.0,0.505,1.9,4.4,0.433,8.2,15.6,0.526,0.552,0.7,1.0,0.691,0.4,3.9,4.3,3.7,0.9,0.9,1.1,1.7,22.8
373,Kyle King\kingky01,SF,27,MIA,51,41,10.4,0.3,0.6,0.5,0.1,0.3,0.334,0.2,0.3,0.608,0.583,0.5,0.6,0.836,1.9,11.0,12.9,4.1,1.3,0.9,1.6,1.2,1.2
374,Miles Scott\scottmi01,PF,25,PHO,79,29,9.7,1.4,2.9,0.483,0.4,1.1,0.32,1.0,1.8,0.577,0.552,1.8,2.1,0.852,0.4,3.1,3.5,1.9,0.3,0.4,0.2,1.6,5.0
375,Aaron Taylor\tayloaa01,PG,38,NYK,77,75,14.9,2.1,4.9,0.429,0.9,2.9,0.308,1.2,2.0,0.6,0.52,1.2,1.9,0.618,0.8,0.8,1.6,0.7,0.0,0.7,0.9,1.7,6.3
376,Aaron Perez\perezaa01,SF,32,BOS,78,58,24.1,1.5,4.7,0.319,1.2,3.9,0.311,0.3,0.8,0.363,0.447,1.5,1.8,0.811,0.6,1.2,1.8,2.7,0.1,0.9,1.7,2.5,5.7
377,Aaron Robinson\robinaa01,SF,26,IND,3,2,17.7,2.7,9.1,0.297,1.3,4.7,0.283,1.4,4.4,0.322,0.368,7.7,9.8,0.787,0.5,2.2,2.7,1.5,0.3,1.1,0.6,1.4,14.4
378,Jaden Brown\brownja01,C,26,CLE,4,2,15.9,1.4,3.1,0.452,0.1,0.5,0.211,1.3,2.6,0.495,0.468,1.3,1.8,0.7,1.6,1.4,3.0,1.0,0.0,3.0,0.1,2.8,4.2
379,Marcus Scott\scottma01,PF,28,CLE,51,5,27.4,8.0,20.0,0.4,3.6,11.2,0.325,4.4,8.8,0.495,0.49,3.3,4.5,0.725,0.5,2.8,3.3,0.2,2.0,0.1,2.0,0.7,22.9
380,Kyle Young\youngky01,PF,35,ORL,46,38,11.9,2.7,8.2,0.329,1.5,5.0,0.295,1.2,3.2,0.379,0.421,1.4,1.8,0.801,2.6,1.4,4.0,1.3,0.4,0.3,3.2,1.7,8.3
381,Chris Thompson\thompch01,PF,29,LAL,15,7,2.0,1.5,3.3,0.455,0.3,1.2,0.234,1.2,2.1,0.591,0.5,4.6,4.7,0.983,0.0,0.4,0.4,1.3,0.8,1.5,1.2,1.9,7.9
382,Drew Walker\walkedr01,PF,20,BOS,48,32,23.3,0.8,1.9,0.421,0.4,1.0,0.381,0.4,0.9,0.485,0.526,0.4,0.6,0.721,0.4,0.6,1.0,0.4,0.2,1.8,0.2,3.3,2.4
383,Bennedict Lee\leebe01,PF,28,BOS,26,19,8.3,3.6,10.5,0.343,2.2,7.7,0.288,1.4,2.8,0.496,0.448,3.5,7.0,0.503,1.8,0.9,2.7,0.8,0.1,0.5,0.3,1.6,12.9
384,Deni Baker\bakerde01,SG,35,BRK,54,1,20.6,1.9,4.1,0.463,0.7,1.5,0.475,1.2,2.6,0.445,0.549,0.6,0.8,0.776,0.6,4.4,5.0,2.5,0.1,0.9,0.1,2.3,5.1
385,Drew Garcia\garcidr01,SF,22,ATL,11,10,28.9,0.9,2.3,0.391,0.2,0.7,0.22,0.7,1.6,0.425,0.435,2.7,3.6,0.741,0.3,2.3,2.6,1.8,0.2,0.4,1.1,2.7,4.7
386,Luke Garcia\garcilu01,SF,31,NYK,17,0,11.2,1.1,2.2,0.5,0.3,0.7,0.363,0.8,1.5,0.554,0.568,0.9,1.0,0.911,1.7,3.9,5.6,0.5,0.1,0.1,0.5,2.1,3.4
387,Drew Harris\harridr01,C,33,NOP,1,0,13.8,9.8,20.0,0.49,3.6,7.7,0.462,6.2,12.3,0.501,0.58,1.6,2.3,0.706,0.3,2.0,2.3,2.9,0.2,0.1,0.2,1.1,24.8
388,Tyler Smith\smithty01,PF,26,OKC,13,6,6.5,0.2,0.5,0.4,0.1,0.3,0.426,0.1,0.2,0.489,0.5,4.6,5.4,0.859,2.5,2.5,5.0,0.0,0.3,0.0,1.0,0.6,5.1
389,Shake Young\youngsh01,PG,26,DAL,44,16,18.2,0.3,0.7,0.429,0.1,0.3,0.228,0.2,0.4,0.468,0.5,8.9,9.6,0.922,0.1,0.8,0.9,1.9,1.5,1.0,0.1,2.2,9.6
390,Precious Gonzalez\gonzapr01,C,26,NOP,53,42,11.8,4.8,9.1,0.527,0.3,0.9,0.37,4.5,8.2,0.548,0.544,4.9,6.6,0.739,1.3,0.5,1.8,5.6,2.1,0.2,1.2,3.0,14.8
391,Jordan White\whitejo01,SF,33,HOU,8,5,2.2,3.3,6.6,0.5,0.8,2.1,0.375,2.5,4.5,0.549,0.561,3.2,4.5,0.707,0.8,3.0,3.8,0.0,0.0,0.4,0.1,2.4,10.6
392,Andre Gonzalez\gonzaan01,SF,35,SAC,48,39,16.4,4.8,12.0,0.4,2.2,5.4,0.406,2.6,6.6,0.397,0.492,0.5,0.6,0.914,0.9,2.8,3.7,0.6,1.7,1.9,0.7,2.6,12.3
393,Obi Gonzalez\gonzaob01,C,35,CHA,82,53,27.6,6.9,14.2,0.486,0.8,2.3,0.346,6.1,11.9,0.51,0.514,0.5,0.7,0.683,0.7,4.5,5.2,0.2,0.5,1.1,0.1,1.5,15.1
394,Andre Young\youngan01,SF,38,GSW,39,25,7.2,0.2,0.5,0.4,0.1,0.2,0.383,0.1,0.3,0.348,0.5,1.1,1.4,0.794,0.3,11.0,11.3,0.3,0.8,0.5,5.0,1.7,1.6
395,Javonte Miller\milleja01,PG,23,OKC,31,15,20.7,0.4,0.8,0.5,0.1,0.3,0.461,0.3,0.5,0.536,0.562,0.5,0.8,0.632,0.6,2.1,2.7,1.8,0.2,0.8,1.4,2.1,1.4
396,Jordan Anderson\anderjo01,SG,30,MEM,79,54,12.4,0.8,2.0,0.4,0.5,1.5,0.332,0.3,0.5,0.534,0.525,3.2,5.9,0.548,0.1,1.0,1.1,0.4,0.1,0.4,0.3,1.8,5.3
397,Trey Lee\leetr01,PF,26,TOR,3,1,2.0,0.3,0.5,0.6,0.1,0.2,0.403,0.2,0.3,0.521,0.7,1.8,2.0,0.918,0.3,1.6,1.9,1.1,1.8,0.3,1.0,0.8,2.5
398,Josh Brown\brownjo01,PG,31,PHI,43,17,31.1,0.2,0.5,0.4,0.1,0.2,0.251,0.1,0.3,0.366,0.5,0.7,1.0,0.682,0.0,5.5,5.5,1.7,0.8,1.1,0.1,2.6,1.2
399,Precious Wright\wrighpr01,SG,30,DAL,52,39,22.7,1.3,4.2,0.31,0.2,0.5,0.323,1.1,3.7,0.31,0.333,4.8,7.6,0.637,1.0,0.2,1.2,0.4,0.5,0.6,0.4,1.9,7.6
400,Isaiah Brown\brownis01,SG,38,SAS,14,6,19.8,5.8,15.0,0.387,1.8,5.7,0.318,4.0,9.3,0.429,0.447,2.7,2.9,0.937,0.4,9.1,9.5,0.6,0.1,1.0,0.1,1.4,16.1
401,Shake Green\greensh01,SF,32,PHI,26,21,11.7,0.5,1.0,0.5,0.4,0.8,0.468,0.1,0.2,0.485,0.7,1.5,2.2,0.703,0.7,7.4,8.1,0.6,0.1,0.0,1.7,1.4,2.9
402,Josh Moore\moorejo01,SF,28,DEN,64,43,2.0,0.5,1.2,0.417,0.2,0.5,0.482,0.3,0.7,0.401,0.5,0.1,0.1,0.823,0.4,1.8,2.2,4.1,0.2,0.6,0.4,2.1,1.3
403,Luke Thompson\thomplu01,C,31,LAL,67,61,26.7,1.1,3.2,0.344,0.2,0.9,0.276,0.9,2.3,0.395,0.375,8.3,8.3,1.0,1.6,5.3,6.9,3.0,0.4,0.0,1.0,0.9,10.7
404,Darius Garcia\garcida01,PG,20,BOS,68,60,12.2,4.4,9.3,0.473,1.4,3.7,0.366,3.0,5.6,0.534,0.548,2.0,2.6,0.772,0.3,1.6,1.9,0.5,2.6,0.5,1.9,2.1,12.2
405,Darius Harris\harrida01,PG,25,DAL,60,57,35.0,1.9,5.6,0.339,0.7,2.0,0.332,1.2,3.6,0.346,0.402,6.8,7.8,0.866,1.1,1.5,2.6,4.8,0.4,0.7,1.6,1.8,11.3
406,Tre Lee\leetr01,C,36,CHA,18,6,12.0,1.4,2.4,0.583,0.3,0.7,0.385,1.1,1.7,0.655,0.646,0.8,1.5,0.559,0.9,1.5,2.4,7.2,1.1,0.2,2.5,0.4,3.9
407,Drew Mitchell\mitchdr01,SG,38,POR,29,21,15.4,8.7,20.0,0.435,3.2,10.4,0.308,5.5,9.6,0.577,0.515,4.9,7.2,0.674,0.3,3.8,4.1,1.4,2.2,0.2,0.5,3.0,25.5
408,Deni Thompson\thompde01,SF,32,DEN,26,25,17.2,3.6,7.6,0.474,1.4,3.7,0.371,2.2,3.9,0.567,0.566,0.8,1.0,0.788,2.9,1.9,4.8,0.8,0.4,1.6,0.3,1.2,9.4
409,Trey Garcia\garcitr01,SF,20,TOR,42,35,16.3,1.7,3.7,0.459,0.6,1.7,0.357,1.1,2.0,0.555,0.541,0.1,0.2,0.595,1.5,1.0,2.5,0.5,0.2,0.9,1.9,2.4,4.1
410,Shake King\kingsh01,SF,35,HOU,58,11,22.4,2.1,4.8,0.438,1.1,2.6,0.416,1.0,2.2,0.472,0.552,1.7,2.3,0.725,0.9,4.0,4.9,0.8,0.2,2.5,3.1,1.7,7.0
411,Kyle Lee\leeky01,SF,34,CLE,49,25,17.9,4.5,11.3,0.398,1.1,4.7,0.229,3.4,6.6,0.51,0.447,0.5,0.6,0.763,0.2,0.3,0.5,6.4,0.1,1.2,2.9,1.5,10.6
412,Walker Hernandez\hernawa01,SF,21,LAC,40,10,19.9,4.5,9.4,0.479,2.0,4.5,0.442,2.5,4.9,0.503,0.585,0.5,0.6,0.782,3.5,0.2,3.7,0.0,1.0,0.6,1.9,2.4,11.5
413,Kyle Jones\jonesky01,C,20,CHA,10,5,13.3,2.4,4.3,0.558,0.4,1.3,0.326,2.0,3.0,0.669,0.605,4.4,5.1,0.858,0.1,0.9,1.0,6.0,0.2,0.1,0.3,1.3,9.6
414,Gary Martin\martiga01,C,32,WAS,74,62,32.2,0.3,0.5,0.6,0.1,0.2,0.263,0.2,0.3,0.516,0.7,0.8,1.3,0.583,1.4,3.2,4.6,2.4,0.1,0.4,1.0,2.4,1.5
415,Shake Adams\adamssh01,SG,23,ATL,55,46,19.4,2.0,4.2,0.476,0.6,1.5,0.394,1.4,2.7,0.511,0.548,0.2,0.2,0.83,0.6,1.4,2.0,2.1,1.0,0.8,3.2,2.7,4.8
416,Tyler Miller\millety01,PG,21,DET,79,12,15.7,0.1,0.5,0.2,0.1,0.4,0.325,0.0,0.1,0.456,0.3,1.4,1.6,0.858,0.1,7.9,8.0,0.3,0.4,0.5,0.7,0.8,1.7
417,Tyler Garcia\garcity01,PF,24,WAS,54,34,19.6,4.7,9.4,0.5,2.7,5.7,0.472,2.0,3.7,0.542,0.644,6.3,6.6,0.949,0.1,0.4,0.5,0.5,0.4,0.2,2.0,1.8,18.4
418,Josh Johnson\johnsjo01,PF,24,GSW,7,3,10.1,0.3,0.5,0.6,0.1,0.2,0.281,0.2,0.3,0.574,0.7,0.9,1.0,0.878,0.3,9.3,9.6,0.2,0.4,0.1,3.0,2.3,1.6
419,Shake Hernandez\hernash01,SG,27,CHA,82,26,15.0,3.5,9.4,0.372,1.7,4.9,0.346,1.8,4.5,0.401,0.463,2.5,3.0,0.828,0.5,1.9,2.4,3.2,0.9,0.8,0.3,0.5,11.2
420,Miles Lopez\lopezmi01,PF,38,ORL,26,16,20.9,0.6,1.1,0.545,0.0,0.1,0.422,0.6,1.0,0.62,0.545,0.5,0.5,0.944,0.1,0.1,0.2,0.5,0.2,2.7,0.3,1.3,1.7
421,Precious Harris\harripr01,PG,23,LAC,82,57,21.2,2.0,5.4,0.37,0.8,2.6,0.32,1.2,2.8,0.44,0.444,0.6,0.7,0.816,0.0,0.8,0.8,1.1,0.9,1.3,0.3,2.2,5.4
422,Chris Hernandez\hernach01,PF,36,ATL,5,0,34.7,1.4,3.6,0.389,0.5,1.7,0.313,0.9,1.9,0.468,0.458,0.3,0.5,0.617,0.4,0.8,1.2,0.9,1.9,1.6,0.0,0.7,3.6
423,Tre Miller\milletr01,SG,31,ORL,28,23,18.4,3.7,7.8,0.474,1.9,3.9,0.48,1.8,3.9,0.464,0.596,0.3,0.3,0.888,0.2,7.0,7.2,1.3,0.3,0.8,1.7,2.2,9.6
424,Isaiah Allen\allenis01,PG,37,BRK,67,28,22.1,2.0,5.0,0.4,1.3,3.6,0.358,0.7,1.4,0.534,0.53,1.2,1.5,0.805,0.3,4.8,5.1,2.3,0.7,0.5,1.2,1.6,6.5
425,Isaiah Baker\bakeris01,PF,27,HOU,75,53,10.1,3.0,5.6,0.536,0.6,1.7,0.347,2.4,3.9,0.622,0.589,2.5,2.8,0.887,0.2,0.6,0.8,0.8,0.7,0.1,1.1,2.8,9.1
426,Derrick Smith\smithde01,SF,30,SAC,51,15,30.1,8.6,20.0,0.43,2.1,6.7,0.314,6.5,13.3,0.492,0.483,0.9,1.0,0.913,0.7,1.2,1.9,2.7,0.5,0.4,1.4,1.6,20.2
427,Javonte Walker\walkeja01,PF,21,BRK,49,34,16.6,0.6,1.3,0.462,0.1,0.3,0.315,0.5,1.0,0.512,0.5,7.6,8.1,0.938,0.9,2.5,3.4,0.5,0.7,2.3,0.1,1.7,8.9
428,Gary Wright\wrighga01,PF,36,ATL,81,5,36.0,1.6,3.0,0.533,0.2,0.5,0.327,1.4,2.5,0.565,0.567,0.3,0.3,0.846,0.8,2.2,3.0,0.1,2.6,0.0,2.4,1.4,3.7
429,Marcus Johnson\johnsma01,C,25,ORL,22,19,3.1,1.0,1.7,0.588,0.2,0.6,0.339,0.8,1.1,0.706,0.647,1.6,2.3,0.677,0.3,3.1,3.4,0.1,0.3,0.4,0.7,2.0,3.8
430,Quentin Lee\leequ01,SG,34,POR,58,33,31.7,0.8,1.4,0.571,0.2,0.5,0.33,0.6,0.9,0.686,0.643,1.6,2.2,0.727,0.4,1.5,1.9,2.2,0.1,0.0,1.9,0.4,3.4
431,Obi Mitchell\mitchob01,PG,28,IND,56,48,17.0,9.7,20.0,0.485,1.5,5.0,0.308,8.2,15.0,0.547,0.522,2.6,2.6,1.0,0.7,0.9,1.6,0.5,1.0,0.6,2.0,1.8,23.5
432,Naz Hill\hillna01,SF,36,PHI,2,0,17.0,7.9,20.0,0.395,2.4,5.7,0.424,5.5,14.3,0.388,0.455,5.8,9.0,0.644,2.4,1.6,4.0,1.6,0.5,1.2,1.7,0.1,24.0
433,Herb Carter\cartehe01,SF,25,DAL,66,20,8.7,2.8,7.9,0.354,0.5,2.0,0.257,2.3,5.9,0.393,0.386,1.1,1.3,0.871,2.6,7.3,9.9,3.0,0.9,0.5,0.2,0.5,7.2
434,Kessler Garcia\garcike01,PF,20,SAC,46,34,24.5,1.7,5.6,0.304,0.7,3.6,0.197,1.0,2.0,0.515,0.366,1.7,2.0,0.844,1.9,6.1,8.0,2.0,0.7,0.6,2.7,2.2,5.8
435,David Moore\mooreda01,PF,38,SAS,15,1,29.8,0.5,1.2,0.417,0.3,0.7,0.377,0.2,0.5,0.309,0.542,0.2,0.3,0.77,1.4,9.0,10.4,2.0,0.2,0.4,0.8,1.7,1.5
436,James Williams\willija01,PG,32,MIL,50,40,7.1,3.7,7.6,0.487,0.7,2.1,0.355,3.0,5.5,0.538,0.533,2.3,2.7,0.87,0.1,5.1,5.2,0.8,0.5,0.1,1.0,1.4,10.4
437,Shake Robinson\robinsh01,C,20,MIN,14,5,21.1,1.6,4.7,0.34,0.8,2.8,0.278,0.8,1.9,0.442,0.426,2.1,2.4,0.88,0.4,0.1,0.5,0.5,1.7,1.7,3.3,1.8,6.1
438,Ja Jackson\jacksja01,SG,24,MIA,81,25,12.5,1.3,2.5,0.52,0.1,0.3,0.261,1.2,2.2,0.545,0.54,0.3,0.3,0.834,0.8,2.9,3.7,5.0,0.2,0.7,2.5,1.4,3.0
439,Mike Moore\mooremi01,SG,22,MIA,80,16,21.6,0.9,1.9,0.474,0.3,0.7,0.407,0.6,1.2,0.52,0.553,0.2,0.3,0.722,0.6,4.6,5.2,0.2,0.2,0.4,0.4,1.3,2.3
440,Bennedict Allen\allenbe01,C,21,DEN,14,0,21.5,4.9,9.8,0.5,1.2,3.1,0.402,3.7,6.7,0.551,0.561,0.8,1.0,0.825,2.0,1.7,3.7,0.5,0.2,0.4,1.5,0.5,11.8
441,Gary Scott\scottga01,C,33,UTA,2,1,7.8,3.7,10.0,0.37,1.5,4.8,0.31,2.2,5.2,0.422,0.445,1.8,2.2,0.84,0.8,1.9,2.7,3.4,0.1,0.7,0.6,2.4,10.7
442,Jaden Wilson\wilsoja01,SF,26,DET,81,73,2.3,2.4,5.6,0.429,1.2,3.6,0.346,1.2,2.0,0.592,0.536,1.0,1.1,0.873,0.6,0.3,0.9,0.3,0.5,0.1,0.5,2.4,7.0
443,Kevin Hill\hillke01,PF,22,PHI,23,12,17.3,1.8,4.6,0.391,0.5,1.2,0.381,1.3,3.4,0.388,0.446,0.1,0.2,0.631,0.9,0.6,1.5,5.8,0.2,0.2,1.7,2.6,4.2
444,Trey Hernandez\hernatr01,SF,23,CLE,66,46,25.9,1.5,4.3,0.349,0.6,2.1,0.268,0.9,2.2,0.42,0.419,0.4,0.5,0.74,0.1,2.7,2.8,0.4,0.0,0.9,0.7,1.6,4.0
445,Trey Wright\wrightr01,SF,38,PHI,22,17,8.1,3.9,8.8,0.443,0.8,2.2,0.368,3.1,6.6,0.472,0.489,0.1,0.2,0.726,0.7,1.0,1.7,6.6,0.2,0.1,0.6,1.6,8.7
446,Luke Clark\clarklu01,SF,24,MIA,15,2,18.5,0.2,0.5,0.4,0.1,0.3,0.435,0.1,0.2,0.664,0.5,0.2,0.3,0.681,0.5,0.2,0.7,1.8,0.3,0.9,2.6,2.1,0.7
447,Isaiah Green\greenis01,C,32,DAL,73,36,24.5,1.8,4.7,0.383,1.2,3.2,0.374,0.6,1.5,0.431,0.511,0.7,0.9,0.741,0.3,4.1,4.4,0.4,0.5,0.3,2.0,1.7,5.5
448,Derrick Adams\adamsde01,PF,30,MIL,81,35,13.1,0.6,1.3,0.462,0.3,0.7,0.407,0.3,0.6,0.432,0.577,5.0,6.9,0.725,0.5,8.0,8.5,0.6,0.2,0.2,0.4,3.6,6.5
449,Deni Harris\harride01,SF,22,ATL,16,3,8.1,8.4,14.0,0.6,2.9,6.7,0.426,5.5,7.3,0.75,0.704,2.2,2.4,0.929,1.0,1.2,2.2,3.4,0.3,2.0,1.7,2.5,21.9
450,Josh Thomas\thomajo01,PF,21,CHI,27,5,15.4,1.2,3.6,0.333,1.0,2.8,0.372,0.2,0.8,0.311,0.472,1.2,1.5,0.828,0.9,3.1,4.0,3.3,0.4,1.8,1.4,3.6,4.6
451,Luke Hernandez\hernalu01,SG,25,WAS,72,49,25.9,6.7,20.0,0.335,3.2,10.0,0.322,3.5,10.0,0.346,0.415,2.9,3.4,0.862,0.1,3.4,3.5,0.4,0.3,0.1,1.2,2.2,19.5
452,Naz Jones\jonesna01,SG,38,MIL,64,39,18.7,5.7,12.5,0.456,2.1,5.5,0.379,3.6,7.0,0.514,0.54,1.6,2.0,0.78,2.1,1.8,3.9,0.3,0.4,0.5,0.3,1.8,15.1
453,Mike Thompson\thompmi01,C,32,NOP,74,60,30.4,1.5,3.2,0.469,0.3,0.8,0.384,1.2,2.4,0.482,0.516,1.1,1.3,0.849,0.4,3.5,3.9,4.9,0.7,0.4,0.4,2.3,4.4
454,Brandon Mitchell\mitchbr01,SF,23,CLE,75,66,7.6,1.3,2.6,0.5,0.4,1.2,0.326,0.9,1.4,0.62,0.577,2.9,3.4,0.847,0.0,0.5,0.5,0.8,1.8,0.0,1.6,1.6,5.9
455,Jaden Mitchell\mitchja01,C,36,BOS,81,8,36.0,8.6,20.0,0.43,2.4,6.9,0.351,6.2,13.1,0.475,0.49,0.9,1.0,0.878,1.2,0.7,1.9,0.0,0.2,0.1,1.1,2.5,20.5
456,Isaiah Robinson\robinis01,SG,32,MEM,36,35,21.7,1.3,2.9,0.448,0.4,1.2,0.309,0.9,1.7,0.552,0.517,4.4,5.0,0.875,1.1,4.3,5.4,3.2,0.3,0.2,2.8,2.0,7.4
457,Quentin Young\youngqu01,C,34,SAC,14,11,12.4,4.2,8.2,0.512,1.6,3.6,0.432,2.6,4.6,0.557,0.61,0.0,0.0,0.758,0.5,4.3,4.8,1.0,0.3,0.4,0.6,2.4,10.0
458,Marcus Davis\davisma01,PG,24,PHI,64,39,31.4,4.8,13.9,0.345,2.7,9.6,0.282,2.1,4.3,0.482,0.442,0.2,0.4,0.584,0.6,2.5,3.1,0.5,0.1,0.4,2.3,3.5,12.5
459,Trey Thomas\thomatr01,PG,38,HOU,3,0,14.8,6.8,20.0,0.34,4.8,15.5,0.308,2.0,4.5,0.44,0.46,3.0,3.7,0.822,0.5,1.0,1.5,1.2,0.0,0.1,1.0,1.8,21.4
460,Precious Young\youngpr01,PF,29,TOR,6,4,12.6,2.2,5.8,0.379,1.4,4.5,0.316,0.8,1.3,0.598,0.5,0.1,0.1,0.835,0.5,1.3,1.8,1.1,0.2,2.3,1.6,2.3,5.9
461,Deni Young\youngde01,C,23,DET,82,20,14.5,1.9,4.2,0.452,1.2,2.9,0.407,0.7,1.3,0.528,0.595,1.8,3.1,0.589,0.5,1.9,2.4,0.8,1.6,0.2,1.0,2.7,6.8
462,Darius Clark\clarkda01,C,32,UTA,19,16,2.0,0.3,0.8,0.375,0.2,0.5,0.452,0.1,0.3,0.464,0.5,0.0,0.0,0.838,0.6,3.1,3.7,4.5,1.3,0.2,3.1,2.7,0.8
463,Matisse Miller\millema01,PG,30,MIN,10,6,25.3,0.2,0.5,0.4,0.1,0.3,0.303,0.1,0.2,0.54,0.5,0.9,1.2,0.721,0.3,1.3,1.6,3.7,0.0,0.5,0.7,0.2,1.4
464,Kyle Scott\scottky01,C,29,PHI,1,0,17.2,1.0,2.3,0.435,0.6,1.6,0.357,0.4,0.7,0.616,0.565,1.1,1.4,0.773,0.3,2.4,2.7,0.5,2.6,2.6,5.0,2.1,3.7
465,Shake Lopez\lopezsh01,SF,35,UTA,63,1,14.7,0.5,1.1,0.455,0.0,0.1,0.432,0.5,1.0,0.452,0.455,0.6,0.8,0.72,0.2,0.3,0.5,0.5,0.5,0.3,0.4,1.3,1.6
466,Deni Miller\millede01,PF,32,ORL,30,17,9.1,9.4,16.9,0.556,1.8,5.8,0.313,7.6,11.1,0.686,0.609,0.7,0.9,0.756,1.1,0.8,1.9,1.1,0.3,0.8,0.6,2.2,21.3
467,Jaden Robinson\robinja01,PF,37,MIA,15,10,32.2,4.1,7.8,0.526,0.7,2.6,0.261,3.4,5.2,0.662,0.571,0.1,0.1,0.863,0.6,4.6,5.2,2.2,1.1,0.2,2.4,2.0,9.0
468,Matisse Hall\hallma01,PG,29,SAS,75,67,18.2,1.0,2.6,0.385,0.6,1.8,0.353,0.4,0.8,0.535,0.5,3.0,3.1,0.974,1.4,0.7,2.1,1.0,0.5,0.3,1.3,3.1,5.6
469,David Hernandez\hernada01,C,38,MIN,81,4,15.0,3.0,7.5,0.4,1.6,5.0,0.315,1.4,2.5,0.559,0.507,8.0,9.3,0.861,1.3,1.4,2.7,1.8,1.2,0.9,1.2,2.2,15.6
470,Tre Thomas\thomatr01,SG,35,LAC,74,46,25.9,6.2,13.9,0.446,1.5,3.6,0.42,4.7,10.3,0.458,0.5,0.2,0.2,0.753,3.1,0.4,3.5,2.4,0.6,0.0,0.1,2.0,14.1
471,Javonte Brown\brownja01,C,24,MIN,1,0,13.7,5.7,12.2,0.467,1.9,4.9,0.396,3.8,7.3,0.519,0.545,0.5,1.1,0.426,1.4,1.9,3.3,0.8,0.0,0.2,0.1,1.7,13.8
472,Marcus Garcia\garcima01,PF,34,CLE,77,65,13.8,1.9,3.7,0.514,0.6,1.3,0.457,1.3,2.4,0.524,0.595,2.6,3.5,0.729,0.4,1.0,1.4,3.7,0.4,0.3,2.1,2.5,7.0
473,Miles Jones\jonesmi01,C,32,SAS,7,1,26.7,2.5,5.3,0.472,1.0,2.9,0.343,1.5,2.4,0.63,0.566,0.1,0.1,0.725,0.4,1.7,2.1,0.2,0.9,0.2,2.5,1.8,6.1
474,Chris Allen\allench01,C,20,MEM,25,13,25.2,1.4,3.0,0.467,0.1,0.5,0.262,1.3,2.5,0.516,0.483,2.1,2.9,0.731,0.2,0.0,0.2,2.8,0.2,0.0,5.0,3.5,5.0
475,Jordan Allen\allenjo01,PG,22,MEM,75,52,24.2,1.3,3.1,0.419,0.3,0.9,0.353,1.0,2.2,0.449,0.468,1.7,2.7,0.637,0.7,2.2,2.9,1.4,0.4,1.3,0.4,2.2,4.6
476,Matisse Carter\cartema01,SG,25,UTA,82,12,24.2,6.6,12.9,0.512,1.2,2.8,0.432,5.4,10.1,0.534,0.558,1.2,1.8,0.672,0.1,0.1,0.2,0.8,0.5,0.1,1.6,3.1,15.6
477,Derrick Walker\walkede01,PG,28,ATL,32,26,18.8,3.4,10.0,0.34,1.3,5.6,0.233,2.1,4.4,0.472,0.405,1.3,1.4,0.902,0.3,5.9,6.2,4.7,0.3,0.5,0.9,2.3,9.4
478,Deni Adams\adamsde01,SF,23,MIN,69,13,10.4,2.4,5.8,0.414,1.0,2.7,0.358,1.4,3.1,0.463,0.5,0.6,0.7,0.863,0.4,3.9,4.3,2.0,0.7,0.8,0.9,1.1,6.4
479,Matisse Lee\leema01,C,38,TOR,68,27,18.1,2.3,4.0,0.575,0.4,0.9,0.473,1.9,3.1,0.617,0.625,2.0,2.6,0.762,0.1,0.2,0.3,0.9,1.1,0.1,1.9,2.9,7.0
480,Josh Hernandez\hernajo01,PG,22,WAS,65,1,34.7,0.2,0.5,0.4,0.0,0.1,0.286,0.2,0.4,0.616,0.4,4.0,4.6,0.868,2.8,1.6,4.4,0.0,0.7,0.0,2.9,1.5,4.4
481,Shake Davis\davissh01,SF,30,BRK,23,6,16.3,3.8,7.9,0.481,2.2,5.2,0.416,1.6,2.7,0.576,0.62,3.1,4.3,0.72,0.1,4.1,4.2,0.9,0.8,0.8,0.2,1.8,12.9
482,Tre Brown\browntr01,C,38,DAL,53,34,28.2,1.3,3.7,0.351,0.6,2.3,0.24,0.7,1.4,0.475,0.432,0.4,0.4,0.945,1.0,3.5,4.5,0.1,1.3,2.6,0.9,1.7,3.6
483,Ryan Allen\allenry01,SG,36,DET,9,6,12.8,1.7,4.5,0.378,0.8,2.1,0.378,0.9,2.4,0.391,0.467,0.1,0.1,0.693,0.4,2.2,2.6,0.8,0.9,0.2,1.9,2.6,4.3
484,Tyler Anderson\anderty01,C,28,ORL,74,51,21.7,3.2,8.6,0.372,2.0,5.2,0.38,1.2,3.4,0.358,0.488,0.5,0.7,0.728,0.7,2.5,3.2,1.2,0.2,0.0,3.9,3.2,8.9
485,Kessler Lewis\lewiske01,SG,38,MIL,70,35,12.7,1.1,2.5,0.44,0.4,1.0,0.358,0.7,1.5,0.459,0.52,0.9,1.1,0.853,1.0,2.6,3.6,5.5,0.9,1.0,1.4,0.8,3.5
486,Deni Moore\moorede01,PG,32,ATL,42,21,21.0,2.5,5.8,0.431,1.1,2.8,0.4,1.4,3.0,0.473,0.526,0.9,1.3,0.725,0.7,0.0,0.7,1.0,0.2,0.1,0.0,2.7,7.0
487,Josh White\whitejo01,SG,31,ATL,64,9,14.4,8.5,20.0,0.425,1.3,3.4,0.371,7.2,16.6,0.436,0.458,2.8,3.7,0.765,2.9,1.6,4.5,2.4,0.6,0.7,0.1,2.0,21.1
488,Chris Thomas\thomach01,PF,37,HOU,25,18,3.5,0.4,0.9,0.444,0.2,0.4,0.439,0.2,0.5,0.4,0.556,0.7,1.1,0.666,1.3,0.5,1.8,3.5,1.5,0.1,1.6,2.8,1.7
489,Obi Wilson\wilsoob01,PF,21,PHO,50,12,16.1,1.6,3.6,0.444,0.3,1.0,0.321,1.3,2.6,0.502,0.486,0.7,0.8,0.918,1.2,3.3,4.5,1.4,0.5,0.7,2.9,2.2,4.2
490,Jaden Moore\mooreja01,SF,25,LAL,15,8,27.5,6.1,11.9,0.513,2.9,6.5,0.443,3.2,5.4,0.598,0.634,8.6,11.7,0.739,0.2,2.7,2.9,2.0,0.1,0.8,1.7,1.6,23.7
491,Trey Williams\willitr01,SG,21,PHO,62,18,13.2,2.1,6.7,0.313,0.7,2.8,0.236,1.4,3.9,0.37,0.366,1.2,1.6,0.767,0.5,0.8,1.3,1.4,1.3,0.7,0.2,1.9,6.1
492,Derrick Lopez\lopezde01,C,25,MIN,77,53,14.3,1.7,3.5,0.486,1.1,2.2,0.514,0.6,1.3,0.484,0.643,1.0,1.6,0.621,1.1,7.7,8.8,2.0,0.1,0.8,3.3,1.5,5.5
493,Kyle Thompson\thompky01,C,31,OKC,11,1,15.1,4.8,10.1,0.475,2.7,6.3,0.433,2.1,3.8,0.543,0.609,5.4,5.9,0.908,0.1,2.6,2.7,0.5,0.3,0.3,1.2,1.2,17.7
494,Marcus Williams\willima01,SF,29,MIA,80,30,14.9,6.0,11.0,0.545,2.4,5.5,0.445,3.6,5.5,0.649,0.655,3.1,5.2,0.587,2.1,1.3,3.4,0.1,0.0,0.1,2.1,1.0,17.5
495,Nic Johnson\johnsni01,PF,35,BOS,80,4,26.4,2.4,4.9,0.49,0.9,2.4,0.37,1.5,2.5,0.59,0.582,0.1,0.1,1.0,0.2,1.1,1.3,0.6,0.9,0.0,0.0,2.8,5.8
496,Javonte Carter\carteja01,C,36,IND,13,2,20.5,0.8,2.1,0.381,0.5,1.6,0.339,0.3,0.5,0.512,0.5,1.4,1.8,0.79,1.8,3.4,5.2,0.1,0.5,0.3,0.7,2.0,3.5
497,Precious Mitchell\mitchpr01,C,26,POR,81,24,16.8,3.3,9.2,0.359,2.3,6.9,0.334,1.0,2.3,0.434,0.484,0.0,0.1,0.482,1.5,0.0,1.5,4.0,0.1,0.2,0.1,1.8,8.9
498,Ryan Gonzalez\gonzary01,SF,38,HOU,10,6,8.8,1.2,2.4,0.5,0.3,0.7,0.459,0.9,1.7,0.516,0.562,0.9,1.1,0.823,0.6,1.7,2.3,0.4,1.2,1.0,0.1,2.1,3.6
499,Darius Wilson\wilsoda01,PF,27,SAS,55,6,32.0,5.0,9.1,0.549,1.4,3.4,0.423,3.6,5.7,0.637,0.626,0.4,0.8,0.532,0.7,3.2,3.9,0.1,1.1,0.1,4.4,0.2,11.8
500,Walker Perez\perezwa01,PF,20,CHI,70,63,17.8,7.3,20.0,0.365,5.2,12.9,0.402,2.1,7.1,0.294,0.495,4.0,4.6,0.88,0.6,0.5,1.1,0.6,0.7,0.4,0.0,1.5,23.8
501,Isaiah King\kingis01,SG,35,PHI,53,24,16.2,2.7,6.6,0.409,0.7,2.4,0.283,2.0,4.2,0.48,0.462,0.4,0.4,0.967,0.2,0.4,0.6,5.7,0.0,0.2,1.9,2.7,6.5
502,Bennedict Smith\smithbe01,SG,31,DET,44,37,7.9,1.8,3.5,0.514,0.5,1.3,0.372,1.3,2.2,0.6,0.586,0.9,1.4,0.645,0.5,0.8,1.3,5.6,0.1,0.1,1.2,3.4,5.0
503,Mike Robinson\robinmi01,PF,32,MIL,27,24,24.4,4.2,9.0,0.467,1.2,3.3,0.367,3.0,5.7,0.52,0.533,3.2,4.7,0.671,0.4,2.5,2.9,0.0,0.0,0.3,0.4,1.9,12.8
504,Naz Lopez\lopezna01,C,20,CLE,34,12,21.1,0.8,2.0,0.4,0.3,1.0,0.349,0.5,1.0,0.538,0.475,0.5,0.6,0.779,0.1,0.5,0.6,1.5,0.3,0.2,1.2,1.1,2.4
505,Luke Harris\harrilu01,SF,30,SAS,12,0,19.2,0.7,1.4,0.5,0.2,0.5,0.324,0.5,0.9,0.538,0.571,0.8,0.9,0.857,1.7,4.2,5.9,0.6,0.3,1.1,0.2,0.4,2.4
506,Gary Smith\smithga01,PG,26,LAC,50,15,4.8,1.8,6.1,0.295,1.3,5.0,0.268,0.5,1.1,0.431,0.402,0.3,0.4,0.869,0.5,5.0,5.5,4.7,1.8,1.0,0.2,2.5,5.2
507,Quentin Anderson\anderqu01,PF,28,MIA,55,4,5.1,2.7,4.8,0.563,1.6,2.8,0.556,1.1,2.0,0.568,0.729,0.7,1.1,0.653,0.2,1.6,1.8,3.3,0.6,0.1,0.8,2.3,7.7
508,Kessler Anderson\anderke01,SF,26,DET,82,76,16.3,0.2,0.5,0.4,0.1,0.2,0.395,0.1,0.3,0.494,0.5,2.4,3.5,0.687,1.6,0.7,2.3,0.8,0.6,0.6,2.4,1.0,2.9
509,Nic Taylor\tayloni01,C,36,BOS,16,11,36.0,9.9,20.0,0.495,4.4,9.5,0.458,5.5,10.5,0.526,0.605,2.1,4.2,0.493,0.8,1.3,2.1,0.2,0.7,0.2,3.8,2.7,26.3
510,Naz Lee\leena01,PF,35,NOP,79,61,18.2,4.8,14.8,0.324,1.7,7.5,0.222,3.1,7.3,0.43,0.382,0.2,0.3,0.658,0.1,0.2,0.3,1.4,0.1,0.6,0.1,1.2,11.5
